date,buy,sell,net
2026-06-03,17589.07,22737.25,-5148.18
2026-06-02,17474.77,25538.44,-8063.67
2026-06-01,18424.46,22267.85,-3843.39
2026-05-29,93095.23,115196.98,-22101.75
2026-05-27,13383.3,12709.53,673.77
2026-05-26,13463.99,16310.05,-2846.06
2026-05-25,12847.68,10732.31,2115.37
2026-05-22,10113.26,15428.06,-5314.8
2026-05-21,12520.75,14311.22,-1790.47
2026-05-20,14134.31,16411.61,-2277.3
2026-05-19,17539.77,21184.29,-3644.52
2026-05-18,17258.87,15092.18,2166.69
2026-05-15,16891.16,14917.73,1973.43
2026-05-14,17125.05,16024.69,1100.36
2026-05-13,14586.99,18611.33,-4024.34
2026-05-12,16452.91,17254.28,-801.37
2026-05-11,13047.84,20875.62,-7827.78
2026-05-08,15401.42,16793.6,-1392.18
2026-05-07,18514.38,18583.69,-69.31
2026-05-06,14755.62,20453.23,-5697.61
2026-05-05,10454.53,13853.56,-3399.03
2026-05-04,20125.62,17156.6,2969.02
2026-04-30,15512.66,23548.35,-8035.69
2026-04-29,15631.59,17539.79,-1908.2
2026-04-28,17440.25,19413.63,-1973.38
2026-04-27,11615.65,15880.97,-4265.32
2026-04-24,10023.81,18745.46,-8721.65
2026-04-23,12943.63,15453.59,-2509.96
2026-04-22,14497.08,15925.35,-1428.27
2026-04-21,14437.01,14441.8,-4.79
2026-04-20,13408.15,12900.77,507.38
2026-04-17,17305.92,15239.32,2066.6
2026-04-16,16593.92,15134.74,1459.18
2026-04-15,19482.84,17007.01,2475.83
2026-04-13,15707.55,17174.35,-1466.8
2026-04-10,18906.83,17399.81,1507.02
2026-04-09,16521.23,18586.11,-2064.88
2026-04-08,20151.81,21487.34,-1335.53
2026-04-07,9248.6,16153.12,-6904.52
2026-04-06,8958.33,17600.09,-8641.76
2026-04-02,11774.71,21343.5,-9568.79
2026-04-01,40564.17,60953.73,-20389.56
2026-03-30,0.0,0.0,0.0
2026-03-27,21992.77,26082.07,-4089.3
2026-03-25,14957.33,16847.82,-1890.49
2026-03-24,13385.47,21036.39,-7650.92
2026-03-23,10543.72,22002.09,-11458.37
2026-03-20,28683.44,35624.52,-6941.08
2026-03-19,23627.01,34700.29,-11073.28
2026-03-17,12204.36,16488.29,-4283.93
2026-03-16,12106.63,21513.41,-9406.78
2026-03-13,12719.21,23652.29,-10933.08
2026-03-12,16022.36,23333.46,-7311.1
2026-03-11,12624.03,18535.93,-5911.9
2026-03-10,13802.03,19445.83,-5643.8
2026-03-09,11680.0,18257.66,-6577.66
2026-03-06,15103.7,21483.35,-6379.65
2026-03-05,15785.33,19226.38,-3441.05
2026-03-04,20081.63,29369.68,-9288.05
2026-03-02,13302.63,16373.18,-3070.55
2026-02-27,38228.4,45060.35,-6831.95
2026-02-26,15463.29,17950.44,-2487.15
2026-02-25,17748.58,16673.11,1075.47
2026-02-24,21229.46,18365.84,2863.62
2026-02-23,15906.36,11518.62,4387.74
2026-02-20,11662.33,11897.36,-235.03
2026-02-19,18798.29,16859.38,1938.91
2026-02-17,9401.23,7765.22,1636.01
2026-02-16,9814.53,10034.14,-219.61
2026-02-13,15180.12,22487.69,-7307.57
2026-02-12,19013.5,18136.98,876.52
2026-02-11,18358.34,16259.66,2098.68
2026-02-10,17739.84,17559.56,180.28
2026-02-09,17750.23,14052.67,3697.56
2026-02-06,18476.09,14964.45,3511.64
2026-02-05,15752.21,17114.84,-1362.63
2026-02-04,20091.35,19075.05,1016.3
2026-02-03,29298.71,21923.27,7375.44
2026-02-02,15881.85,17002.06,-1120.21
2026-01-30,0.0,0.0,0.0
2026-01-29,21331.88,21447.7,-115.82
2026-01-28,25520.68,21123.98,4396.7
2026-01-27,28474.27,33615.23,-5140.96
2026-01-23,14790.95,18003.95,-3213.0
2026-01-22,17578.37,19831.56,-2253.19
2026-01-21,16136.51,17128.74,-992.23
2026-01-20,15933.64,17572.3,-1638.66
2026-01-19,13518.58,15709.48,-2190.9
2026-01-16,20267.83,25310.26,-5042.43
2026-01-14,14607.26,18131.43,-3524.17
2026-01-13,13453.47,13883.55,-430.08
2026-01-12,9721.07,12842.86,-3121.79
2026-01-09,12001.12,15688.11,-3686.99
2026-01-08,11324.25,15034.06,-3709.81
2026-01-07,15079.45,16914.84,-1835.39
2026-01-06,15472.11,15521.37,-49.26
2026-01-05,12335.32,11597.95,737.37
2026-01-02,8302.76,7603.49,699.27
2026-01-01,1323.19,4364.01,-3040.82
2025-12-31,5529.85,10117.81,-4587.96
2025-12-30,15850.13,19504.03,-3653.9
2025-12-29,6488.33,9198.77,-2710.44
2025-12-26,3510.23,5348.54,-1838.31
2025-12-24,5139.46,6891.44,-1751.98
2025-12-23,7374.47,8808.79,-1434.32
2025-12-22,10810.75,10713.31,97.44
2025-12-19,28166.51,26103.91,2062.6
2025-12-18,11689.25,11351.72,337.53
2025-12-17,13541.23,11933.61,1607.62
2025-12-16,10815.17,13005.16,-2189.99
2025-12-15,9044.14,10027.32,-983.18
2025-12-12,11160.02,12211.37,-1051.35
2025-12-11,7940.64,9835.24,-1894.6
2025-12-10,12012.44,14083.39,-2070.95
2025-12-09,14996.59,19531.96,-4535.37
2025-12-08,13167.25,13334.12,-166.87
2025-12-05,12094.05,12127.68,-33.63
2025-12-04,14298.97,13657.3,641.67
2025-12-03,11862.39,14877.34,-3014.95
2025-12-02,15918.55,19092.8,-3174.25
2025-12-01,9694.42,10731.16,-1036.74
2025-11-28,10621.15,14160.11,-3538.96
2025-11-27,10862.13,11736.42,-874.29
2025-11-26,17159.79,12151.66,5008.13
2025-11-25,16675.58,15751.51,924.07
2025-11-24,56720.96,60571.88,-3850.92
2025-11-21,14912.17,16535.12,-1622.95
2025-11-20,15038.95,14804.94,234.01
2025-11-19,16793.09,13768.11,3024.98
2025-11-18,29007.23,30006.9,-999.67
2025-11-17,14057.66,13017.96,1039.7
2025-11-14,12626.48,17243.65,-4617.17
2025-11-13,16214.95,15479.72,735.23
2025-11-12,17146.09,17928.59,-782.5
2025-11-11,14990.66,15284.3,-293.64
2025-11-10,9265.13,14418.87,-5153.74
2025-11-07,19434.99,14498.21,4936.78
2025-11-06,18097.07,21149.78,-3052.71
2025-11-04,14583.83,15354.26,-770.43
2025-11-03,10040.15,11978.61,-1938.46
2025-10-31,11930.08,19535.81,-7605.73
2025-10-30,10409.7,12962.41,-2552.71
2025-10-29,12589.16,13374.94,-785.78
2025-10-28,27375.84,17950.28,9425.56
2025-10-27,13231.89,12618.06,613.83
2025-10-24,12053.75,11489.05,564.7
2025-10-23,21545.04,22421.87,-876.83
2025-10-21,12869.11,12119.27,749.84
2025-10-17,15277.84,14399.95,877.89
2025-10-16,15212.13,13800.56,1411.57
2025-10-15,14196.76,14494.1,-297.34
2025-10-14,11471.4,12485.63,-1014.23
2025-10-13,10212.36,9074.17,1138.19
2025-10-10,10192.3,10874.5,-682.2
2025-10-09,11331.15,9989.65,1341.5
2025-10-08,10910.35,10211.72,698.63
2025-10-07,12446.24,10997.4,1448.84
2025-10-06,11087.45,12689.49,-1602.04
2025-10-03,18179.97,19876.06,-1696.09
2025-10-01,13888.58,14127.38,-238.8
2025-09-30,18109.49,22731.68,-4622.19
2025-09-29,18322.43,20022.07,-1699.64
2025-09-26,11312.26,16498.51,-5186.25
2025-09-25,16237.32,20394.49,-4157.17
2025-09-24,12403.21,14374.58,-1971.37
2025-09-23,12782.87,16078.11,-3295.24
2025-09-22,9783.14,12256.38,-2473.24
2025-09-19,37577.86,36454.34,1123.52
2025-09-18,12402.17,11630.01,772.16
2025-09-17,13173.11,13403.55,-230.44
2025-09-16,13165.08,12218.47,946.61
2025-09-15,9849.25,10666.56,-817.31
2025-09-12,12819.4,11825.16,994.24
2025-09-11,10376.91,13811.89,-3434.98
2025-09-10,17086.28,12646.63,4439.65
2025-09-09,22631.62,22073.43,558.19
2025-09-08,23445.27,23648.93,-203.66
2025-09-05,0.0,0.0,0.0
2025-09-04,0.0,0.0,0.0
2025-09-03,12262.82,13020.39,-757.57
2025-09-02,9911.05,10982.48,-1071.43
2025-09-01,10804.07,12478.78,-1674.71
2025-08-29,12455.6,21480.29,-9024.69
2025-08-28,16403.08,22480.1,-6077.02
2025-08-26,44730.34,50457.13,-5726.79
2025-08-25,10238.39,12190.9,-1952.51
2025-08-22,12082.29,11825.33,256.96
2025-08-21,12795.34,13366.4,-571.06
2025-08-20,12456.44,12802.92,-346.48
2025-08-19,13741.3,13945.72,-204.42
2025-08-18,20763.76,20159.16,604.6
2025-08-14,14179.22,15672.26,-1493.04
2025-08-13,11996.58,15259.19,-3262.61
2025-08-12,9876.06,12624.81,-2748.75
2025-08-11,10217.44,11175.87,-958.43
2025-08-08,18480.9,15662.03,2818.87
2025-08-07,10474.13,16008.44,-5534.31
2025-08-06,11635.22,16088.49,-4453.27
2025-08-05,15786.36,15190.32,596.04
2025-08-04,9479.82,11847.14,-2367.32
2025-08-01,11988.68,13452.7,-1464.02
2025-07-31,15721.34,21901.63,-6180.29
2025-07-30,12288.46,12557.68,-269.22
2025-07-29,12663.68,16708.18,-4044.5
2025-07-28,10174.74,16154.77,-5980.03
2025-07-25,13648.3,15079.92,-1431.62
2025-07-24,14308.08,16369.29,-2061.21
2025-07-23,15405.02,18781.7,-3376.68
2025-07-22,13810.69,17068.17,-3257.48
2025-07-21,11761.69,12852.97,-1091.28
2025-07-18,15625.23,15326.16,299.07
2025-07-17,12505.2,15370.93,-2865.73
2025-07-16,11980.45,13080.16,-1099.71
2025-07-15,12203.41,12659.19,-455.78
2025-07-14,18344.39,19223.58,-879.19
2025-07-11,12434.72,17354.1,-4919.38
2025-07-10,12013.95,11184.45,829.5
2025-07-09,13681.99,13113.95,568.04
2025-07-08,12695.08,12561.04,134.04
2025-07-07,10993.28,8810.06,2183.22
2025-07-04,8885.27,8232.46,652.81
2025-07-03,10743.76,13442.02,-2698.26
2025-07-02,14890.48,15763.59,-873.11
2025-07-01,12340.33,13738.02,-1397.69
2025-06-30,14375.16,14329.29,45.87
2025-06-27,24067.43,18392.65,5674.78
2025-06-26,29677.7,18989.17,10688.53
2025-06-25,14708.52,15833.26,-1124.74
2025-06-24,14918.44,19541.03,-4622.59
2025-06-23,8779.1,10726.81,-1947.71
2025-06-20,54789.82,45891.19,8898.63
2025-06-19,13127.47,11517.35,1610.12
2025-06-18,11176.36,11694.78,-518.42
2025-06-17,14980.0,12156.84,2823.16
2025-06-16,10251.63,12962.44,-2710.81
2025-06-13,14679.77,15516.35,-836.58
2025-06-12,12399.93,15938.22,-3538.29
2025-06-11,15224.48,15703.8,-479.32
2025-06-10,17430.94,14439.9,2991.04
2025-06-09,13271.36,10899.96,2371.4
2025-06-06,15541.4,14276.4,1265.0
2025-06-05,18264.79,18174.68,90.11
2025-06-04,17865.23,16261.82,1603.41
2025-06-03,17297.47,20691.97,-3394.5
2025-06-02,14248.73,16406.03,-2157.3
2025-05-30,48728.06,56947.21,-8219.15
2025-05-29,19084.2,20843.93,-1759.73
2025-05-28,16906.08,12279.65,4626.43
2025-05-27,19381.32,19122.12,259.2
2025-05-26,10275.43,8728.88,1546.55
2025-05-23,9914.69,9323.38,591.31
2025-05-22,11832.24,17268.79,-5436.55
2025-05-21,13479.57,11237.12,2242.45
2025-05-20,14816.42,24894.66,-10078.24
2025-05-19,13408.62,12473.22,935.4
2025-05-16,19818.81,12331.92,7486.89
2025-05-15,21440.45,15693.92,5746.53
2025-05-14,15046.4,14028.27,1018.13
2025-05-13,17588.22,17500.52,87.7
2025-05-12,24238.19,26651.15,-2412.96
2025-05-08,22449.21,20088.09,2361.12
2025-05-07,16365.97,13451.55,2914.42
2025-05-06,13478.46,9470.25,4008.21
2025-05-05,9632.99,8673.31,959.68
2025-05-02,18050.34,15237.11,2813.23
