date,instrument,buy_contracts,buy_amt,sell_contracts,sell_amt,oi_contracts,oi_amt,net
2026-06-04,Index Futures,19659,3053.1,24974,3851.22,320910,50027.74,-798.12
2026-06-04,Index Options,4673448,716383.94,4717228,723226.26,2625630,405394.8,-6842.32
2026-06-04,Stock Futures,281654,17752.29,283656,17978.83,7300478,451798.42,-226.54
2026-06-04,Stock Options,302742,19324.74,302537,19140.36,742672,46210.94,184.38
2026-06-03,Index Futures,30303,4699.11,59460,9118.9,311155,48524.5,-4419.79
2026-06-03,Index Options,5732201,880165.31,5660862,868752.84,2493813,385015.58,11412.47
2026-06-03,Stock Futures,358715,22279.77,402712,24013.83,7283224,450335.53,-1734.06
2026-06-03,Stock Options,400800,24952.46,390599,24344.52,695353,43114.5,607.94
2026-06-02,Index Futures,20005,3124.78,26921,4165.94,279172,43697.17,-1041.16
2026-06-02,Index Options,24630534,3756939.07,24739191,3775091.96,2139322,330975.9,-18152.89
2026-06-02,Stock Futures,450720,27613.62,355703,22401.95,7320239,456347.33,5211.67
2026-06-02,Stock Options,362432,22071.33,345896,21264.05,605782,38244.29,807.28
2026-06-01,Index Futures,10846,1698.66,32717,5105.41,276824,43170.67,-3406.75
2026-06-01,Index Options,9438471,1454786.85,9389174,1446979.22,2779133,426652.54,7807.63
2026-06-01,Stock Futures,304449,19513.34,310861,20046.0,7408352,457138.63,-532.66
2026-06-01,Stock Options,284219,18024.96,291107,18439.51,517726,32634.99,-414.55
2026-05-29,Index Futures,10275,1656.52,48572,7655.91,264757,41886.85,-5999.39
2026-05-29,Index Options,7017508,1094401.38,7056687,1099772.59,2600970,402408.27,-5371.21
2026-05-29,Stock Futures,741325,45943.66,733581,47073.79,7365604,460332.04,-1130.13
2026-05-29,Stock Options,322513,20421.79,340637,21683.15,449650,28525.2,-1261.36
2026-05-27,Index Futures,7792,1259.85,17939,2851.57,240740,38610.9,-1591.72
2026-05-27,Index Options,3543149,554682.58,3547295,555013.3,2159019,339005.3,-330.72
2026-05-27,Stock Futures,290470,18955.42,301089,19659.22,7452284,469032.79,-703.8
2026-05-27,Stock Options,252380,16071.2,259785,16577.34,347048,22290.28,-506.14
2026-05-26,Index Futures,31918,5098.7,52644,8362.25,229387,36850.67,-3263.55
2026-05-26,Index Options,21670897,3440544.8,21910333,3478562.51,1769228,278180.98,-38017.71
2026-05-26,Stock Futures,595489,38003.09,570933,36622.88,7411359,464329.99,1380.21
2026-05-26,Stock Options,237892,15305.37,266971,17326.88,253265,16299.68,-2021.51
2026-05-25,Index Futures,60499,9720.81,50484,8125.43,317357,50947.99,1595.38
2026-05-25,Index Options,8208191,1297756.48,8128579,1285074.46,3337091,529400.5,12682.02
2026-05-25,Stock Futures,1879403,118081.48,1844609,115597.36,7727712,484959.81,2484.12
2026-05-25,Stock Options,578967,39364.13,576120,39174.2,1100988,72687.37,189.93
2026-05-22,Index Futures,72238,11534.62,66040,10545.47,312052,49253.88,989.15
2026-05-22,Index Options,5690787,891073.54,5617160,879018.42,2928710,458670.19,12055.12
2026-05-22,Stock Futures,2728932,169457.57,2670076,164983.84,7729034,479369.65,4473.73
2026-05-22,Stock Options,829981,52766.61,827415,52402.64,1155731,75143.46,363.97
2026-05-21,Index Futures,34835,5600.9,43505,6950.05,302570,47395.9,-1349.15
2026-05-21,Index Options,5174288,804018.96,5172219,803332.82,2809846,437199.86,686.14
2026-05-21,Stock Futures,2594725,159884.28,2598525,159741.77,7736634,476278.32,142.51
2026-05-21,Stock Options,808626,52114.08,795871,51254.26,1170523,75482.05,859.82
2026-05-20,Index Futures,12474,1955.92,18714,2920.88,292706,45938.38,-964.96
2026-05-20,Index Options,4542269,706114.09,4608422,716249.46,2435035,379169.82,-10135.37
2026-05-20,Stock Futures,559444,34990.1,585110,35920.16,7785508,478173.87,-930.06
2026-05-20,Stock Options,746688,48315.94,754127,48634.87,1168434,75290.96,-318.93
2026-05-19,Index Futures,12958,2049.19,19372,3047.82,286756,44865.67,-998.63
2026-05-19,Index Options,20635541,3184215.11,20816453,3211466.15,2217183,344582.58,-27251.04
2026-05-19,Stock Futures,381303,24093.53,407653,25972.17,7713152,472447.0,-1878.64
2026-05-19,Stock Options,693571,44532.0,689122,44446.06,1192209,76623.75,85.94
2026-05-18,Index Futures,28182,4364.63,21541,3362.67,279710,43823.27,1001.96
2026-05-18,Index Options,10461032,1608003.87,10406956,1600256.49,3024351,468808.3,7747.38
2026-05-18,Stock Futures,350226,21917.31,359085,22496.35,7684266,468055.53,-579.04
2026-05-18,Stock Options,634355,40301.81,630762,40500.82,1139870,72679.27,-199.01
2026-05-15,Index Futures,26853,4188.02,17749,2794.84,288159,45123.02,1393.18
2026-05-15,Index Options,7248342,1124260.11,7261201,1126393.59,2739544,425175.17,-2133.48
2026-05-15,Stock Futures,333139,20741.67,344349,21940.1,7656067,467793.07,-1198.43
2026-05-15,Stock Options,547953,34494.04,538625,34525.75,1066067,68180.4,-31.71
2026-05-14,Index Futures,29109,4564.03,16846,2651.51,295759,46451.86,1912.52
2026-05-14,Index Options,4705278,727977.9,4747733,734634.84,2430007,378564.02,-6656.94
2026-05-14,Stock Futures,370362,23470.81,388497,23083.97,7617543,467464.42,386.84
2026-05-14,Stock Options,563978,36203.86,592470,37956.83,993829,63813.54,-1752.97
2026-05-13,Index Futures,17713,2767.16,18443,2894.74,303616,47144.32,-127.58
2026-05-13,Index Options,4230690,651824.36,4266600,657576.58,2331683,359072.26,-5752.22
2026-05-13,Stock Futures,392165,24810.45,365045,22731.28,7535946,460387.75,2079.17
2026-05-13,Stock Options,485948,31544.44,481337,31121.73,922559,59018.17,422.71
2026-05-12,Index Futures,16848,2623.34,33023,5131.16,304670,47236.3,-2507.82
2026-05-12,Index Options,18436209,2842619.23,18482668,2848379.49,2144896,330161.16,-5760.26
2026-05-12,Stock Futures,334981,21355.91,349280,22006.94,7490868,456049.31,-651.03
2026-05-12,Stock Options,451011,29242.74,450442,29127.44,856236,54638.53,115.3
2026-05-11,Index Futures,14113,2252.23,24970,3937.64,287717,45486.61,-1685.41
2026-05-11,Index Options,8636103,1351538.38,8658082,1354718.0,2652125,414522.7,-3179.62
2026-05-11,Stock Futures,325672,22023.48,349900,23240.59,7424899,464218.57,-1217.11
2026-05-11,Stock Options,404802,28620.89,409058,28939.2,792841,51734.97,-318.31
2026-05-08,Index Futures,8501,1379.87,22665,3657.63,279344,44880.9,-2277.76
2026-05-08,Index Options,5711420,905591.95,5696888,902623.61,2443340,388025.89,2968.34
2026-05-08,Stock Futures,314611,21162.65,373638,25353.81,7401559,469673.56,-4191.16
2026-05-08,Stock Options,360454,25143.96,368691,25871.21,726967,47966.75,-727.25
2026-05-07,Index Futures,11914,1986.18,13267,2163.58,270302,43783.64,-177.4
2026-05-07,Index Options,4639963,739954.96,4684661,747238.64,2153916,344787.71,-7283.68
2026-05-07,Stock Futures,319770,21822.61,376900,24554.66,7406864,471902.44,-2732.05
2026-05-07,Stock Options,343196,23247.95,343105,23253.77,670936,44145.75,-5.82
2026-05-06,Index Futures,23401,3826.79,19863,3192.0,266095,43163.83,634.79
2026-05-06,Index Options,5394369,852162.62,5403192,853472.77,2075173,331933.91,-1310.15
2026-05-06,Stock Futures,399145,26478.69,391377,25749.01,7373080,469871.32,729.68
2026-05-06,Stock Options,423913,27451.32,425579,27472.76,613427,40186.02,-21.44
2026-05-05,Index Futures,7723,1233.83,13284,2105.35,257331,40983.83,-871.52
2026-05-05,Index Options,23492302,3676612.75,23661914,3703779.04,1785307,281394.16,-27166.29
2026-05-05,Stock Futures,305088,20391.55,319654,21066.11,7327780,460039.85,-674.56
2026-05-05,Stock Options,269946,17873.07,275693,18255.17,515227,33320.57,-382.1
2026-05-04,Index Futures,11645,1886.22,19741,3157.34,251188,40171.74,-1271.12
2026-05-04,Index Options,12312942,1939940.28,12287303,1935304.7,2568707,405114.15,4635.58
2026-05-04,Stock Futures,356937,24351.6,349905,23525.25,7283052,457284.13,826.35
2026-05-04,Stock Options,284885,18978.19,300260,19953.76,469718,30351.47,-975.57
2026-04-30,Index Futures,14696,2350.88,28114,4448.54,239488,38199.7,-2097.66
2026-04-30,Index Options,5094129,797967.36,5072195,794438.53,1995796,313760.14,3528.83
2026-04-30,Stock Futures,353981,23109.75,384079,24642.52,7245154,452650.0,-1532.77
2026-04-30,Stock Options,284705,18797.22,288393,18893.3,395209,25101.19,-96.08
2026-04-29,Index Futures,16188,2606.74,16568,2675.62,228718,36735.16,-68.88
2026-04-29,Index Options,3659192,579943.55,3683793,583822.61,1776287,281482.39,-3879.06
2026-04-29,Stock Futures,327164,21593.35,318686,21252.58,7237618,456065.1,340.77
2026-04-29,Stock Options,296944,19909.29,299301,20216.29,301283,19205.65,-307.0
2026-04-28,Index Futures,40790,6556.1,60209,9650.49,231124,36951.69,-3094.39
2026-04-28,Index Options,24765354,3945021.89,24848029,3957895.97,1574567,247757.65,-12874.08
2026-04-28,Stock Futures,611176,39923.8,653578,42987.41,7132580,452808.03,-3063.61
2026-04-28,Stock Options,212471,14703.71,226171,15487.72,191470,12175.12,-784.01
2026-04-27,Index Futures,75834,12135.35,77736,12456.25,337311,54048.56,-320.9
2026-04-27,Index Options,9070203,1440500.67,9104089,1446680.39,3007892,478847.79,-6179.72
2026-04-27,Stock Futures,1902647,121677.19,1869946,120184.08,7414760,472720.42,1493.11
2026-04-27,Stock Options,552014,36235.68,568143,37308.19,1125643,74517.68,-1072.51
2026-04-24,Index Futures,52806,8508.74,65971,10612.52,332129,52804.6,-2103.78
2026-04-24,Index Options,4871561,775497.41,4843110,770086.03,2972797,469598.08,5411.38
2026-04-24,Stock Futures,2668316,167437.51,2697622,168481.94,7344582,463187.55,-1044.43
2026-04-24,Stock Options,572729,37500.93,635781,41329.02,1161548,76060.25,-3828.09
2026-04-23,Index Futures,40350,6467.41,47950,7735.71,326914,52387.54,-1268.3
2026-04-23,Index Options,3862828,617004.17,3871613,618314.39,2574707,411481.92,-1310.22
2026-04-23,Stock Futures,2467736,157584.44,2541173,161340.26,7293636,465499.49,-3755.82
2026-04-23,Stock Options,561926,36560.58,543834,35122.76,1206676,80156.59,1437.82
2026-04-22,Index Futures,12179,1978.95,21545,3499.27,324126,52457.05,-1520.32
2026-04-22,Index Options,3149101,505629.35,3180724,510950.53,2439695,393815.79,-5321.18
2026-04-22,Stock Futures,552144,35707.95,618292,39376.98,7307995,470344.99,-3669.03
2026-04-22,Stock Options,544268,34948.68,560305,35781.8,1221984,81920.29,-833.12
2026-04-21,Index Futures,24114,3914.39,8301,1349.64,318164,51859.35,2564.75
2026-04-21,Index Options,16151238,2575707.03,16291149,2599179.21,2174739,354199.1,-23472.18
2026-04-21,Stock Futures,374673,24372.67,347672,22815.96,7268887,469698.63,1556.71
2026-04-21,Stock Options,418819,27348.37,412567,26813.52,1135445,76435.3,534.85
2026-04-20,Index Futures,15823,2563.16,14631,2403.97,323971,52198.48,159.19
2026-04-20,Index Options,8273755,1317291.11,8338168,1327511.06,2688046,431716.95,-10219.95
2026-04-20,Stock Futures,347270,22726.65,367511,23409.21,7272022,466258.21,-682.56
2026-04-20,Stock Options,406267,26044.71,413557,26675.43,1091197,73160.44,-630.72
2026-04-17,Index Futures,15415,2476.92,7379,1198.81,326991,52772.3,1278.11
2026-04-17,Index Options,4657335,738000.31,4631462,733795.01,2516604,404402.16,4205.3
2026-04-17,Stock Futures,391077,25658.28,380918,24657.85,7270105,468159.04,1000.43
2026-04-17,Stock Options,394107,25960.18,410442,27145.34,1045489,70097.26,-1185.16
2026-04-16,Index Futures,15456,2477.45,13727,2211.29,335771,53745.44,266.16
2026-04-16,Index Options,4280843,676924.0,4286054,677887.99,2343073,374006.25,-963.99
2026-04-16,Stock Futures,383635,24499.14,404150,26142.27,7270548,464417.84,-1643.13
2026-04-16,Stock Options,364282,23485.43,367140,24003.41,961958,64245.0,-517.98
2026-04-15,Index Futures,25056,4029.41,17420,2786.56,346896,55582.71,1242.85
2026-04-15,Index Options,3146934,495064.29,3176575,499517.74,2174933,347980.06,-4453.45
2026-04-15,Stock Futures,389020,25350.18,378361,25443.68,7285413,464163.16,-93.5
2026-04-15,Stock Options,294940,18786.92,301443,19694.44,895518,59720.84,-907.52
2026-04-13,Index Futures,14132,2227.4,16259,2573.7,369658,58274.21,-346.3
2026-04-13,Index Options,19851654,3073763.12,20076255,3108488.64,2142971,337835.94,-34725.52
2026-04-13,Stock Futures,310881,19968.25,358242,23294.28,7338264,458589.55,-3326.03
2026-04-13,Stock Options,246665,16421.42,253219,16880.92,834673,54599.9,-459.5
2026-04-10,Index Futures,35710,5691.39,14219,2253.04,369091,58720.95,3438.35
2026-04-10,Index Options,6784186,1059181.07,6736084,1052163.06,2628502,416310.65,7018.01
2026-04-10,Stock Futures,358226,22881.01,361193,22478.22,7345865,463459.74,402.79
2026-04-10,Stock Options,292082,18581.81,307758,19468.12,784995,51725.96,-886.31
2026-04-09,Index Futures,15442,2433.82,15760,2518.08,385730,60603.14,-84.26
2026-04-09,Index Options,4528511,704946.09,4515636,702626.08,2417173,377868.7,2320.01
2026-04-09,Stock Futures,346942,21873.97,355535,21998.25,7354438,459288.88,-124.28
2026-04-09,Stock Options,272176,17872.87,278308,18331.29,703463,45881.59,-458.42
2026-04-08,Index Futures,49723,7872.12,17688,2799.17,392210,62172.77,5072.95
2026-04-08,Index Options,3680196,569465.71,3700576,572629.04,2221377,351230.41,-3163.33
2026-04-08,Stock Futures,520887,34009.7,488822,31487.91,7312071,458306.55,2521.79
2026-04-08,Stock Options,269085,17583.7,271448,17563.92,620407,40660.75,19.78
2026-04-07,Index Futures,33058,4982.76,24031,3634.91,410971,62391.49,1347.85
2026-04-07,Index Options,24121610,3605579.14,24109503,3604547.86,1953261,296307.1,1031.28
2026-04-07,Stock Futures,322585,19991.33,335169,20571.63,7298942,440010.87,-580.3
2026-04-07,Stock Options,176770,11454.01,174068,11241.81,529408,33158.45,212.2
2026-04-06,Index Futures,23944,3613.07,24386,3657.99,413598,62589.19,-44.92
2026-04-06,Index Options,9097571,1349221.35,9087125,1348181.33,2532983,381068.72,1040.02
2026-04-06,Stock Futures,336862,20712.58,320969,19818.76,7302874,438325.5,893.82
2026-04-06,Stock Options,236808,15164.33,220458,14124.71,467110,29076.56,1039.62
2026-04-02,Index Futures,35554,5258.84,38753,5724.0,404136,60308.12,-465.16
2026-04-02,Index Options,5477103,811841.61,5504198,816563.73,2317637,344422.19,-4722.12
2026-04-02,Stock Futures,381779,22900.13,359317,21476.58,7290091,430409.28,1423.55
2026-04-02,Stock Options,175919,11179.8,163579,10270.17,384538,23531.76,909.63
2026-04-01,Index Futures,33590,5079.42,34365,5157.91,391771,58555.41,-78.49
2026-04-01,Index Options,4070312,611507.21,4099523,615967.2,2055697,305041.81,-4459.99
2026-04-01,Stock Futures,379347,23167.05,329264,19967.74,7203663,425483.5,3199.31
2026-04-01,Stock Options,159495,10277.74,163821,10368.61,303206,18534.78,-90.87
2026-03-30,Index Futures,99255,14618.14,139710,20618.86,378576,55548.12,-6000.72
2026-03-30,Index Options,26705183,3958218.76,26772228,3966946.95,1660749,242247.63,-8728.19
2026-03-30,Stock Futures,732482,43278.52,655424,39055.05,7183410,415158.46,4223.47
2026-03-30,Stock Options,153598,9714.43,177830,11169.36,206096,12199.53,-1454.93
2026-03-27,Index Futures,125168,18833.86,166509,25164.26,403407,60552.92,-6330.4
2026-03-27,Index Options,7156980,1085294.38,7139644,1081656.17,3449715,517676.51,3638.21
2026-03-27,Stock Futures,2114914,127605.47,2170062,131023.89,7348424,434951.83,-3418.42
2026-03-27,Stock Options,442793,27899.14,494016,31065.64,1074052,65653.14,-3166.5
2026-03-25,Index Futures,72874,11215.38,62288,9613.88,335832,51518.25,1601.5
2026-03-25,Index Options,4622381,709829.6,4599065,706883.77,3034817,466020.87,2945.83
2026-03-25,Stock Futures,2925797,178398.61,2935759,178422.57,7326541,443293.9,-23.96
2026-03-25,Stock Options,464813,29138.45,446803,27996.92,1142311,71653.65,1141.53
2026-03-24,Index Futures,71391,10739.62,76142,11511.9,343564,51767.58,-772.28
2026-03-24,Index Options,30700734,4585000.42,30897558,4615102.57,2856958,431216.5,-30102.15
2026-03-24,Stock Futures,2590711,152746.91,2602565,153005.41,7245333,429893.74,-258.5
2026-03-24,Stock Options,510477,31643.69,519361,32187.45,1182207,72663.92,-543.76
2026-03-23,Index Futures,44340,6607.18,53793,8027.31,345989,51138.3,-1420.13
2026-03-23,Index Options,9150335,1368427.42,9157416,1369058.9,3411705,504058.19,-631.48
2026-03-23,Stock Futures,499860,29454.42,499475,29351.44,7282455,422314.41,102.98
2026-03-23,Stock Options,481089,30101.67,496155,31071.86,1218729,73500.38,-970.19
2026-03-20,Index Futures,37817,5823.68,43373,6647.48,329000,50091.45,-823.8
2026-03-20,Index Options,7610186,1157720.46,7609249,1157946.62,3222222,490198.18,-226.16
2026-03-20,Stock Futures,459601,28398.64,463566,27962.66,7169770,430540.06,435.98
2026-03-20,Stock Options,477788,30700.51,481983,30963.09,1197419,74719.36,-262.58
2026-03-19,Index Futures,43612,6737.5,46767,7208.5,319212,48438.15,-471.0
2026-03-19,Index Options,6171366,956051.13,6179966,957144.21,2905373,440680.93,-1093.08
2026-03-19,Stock Futures,376505,23249.37,502843,30233.3,7069687,422686.45,-6983.93
2026-03-19,Stock Options,444998,28717.25,437600,28319.97,1114426,69319.47,397.28
2026-03-18,Index Futures,33050,5208.15,18072,2850.37,314661,49258.6,2357.78
2026-03-18,Index Options,4873961,759966.63,4898918,763751.94,2684280,420996.32,-3785.31
2026-03-18,Stock Futures,317634,19972.63,355164,22216.17,7005209,433671.48,-2243.54
2026-03-18,Stock Options,390472,24982.58,392420,25132.91,1037460,66785.08,-150.33
2026-03-17,Index Futures,31327,4863.83,23333,3616.73,321767,49910.63,1247.1
2026-03-17,Index Options,28752690,4396884.25,28785028,4402536.47,2414950,375936.28,-5652.22
2026-03-17,Stock Futures,347538,21589.1,362289,22283.97,7010859,428518.42,-694.87
2026-03-17,Stock Options,354911,22718.07,359285,22903.68,992800,63090.49,-185.61
2026-03-16,Index Futures,46572,7147.52,34801,5363.92,325757,50117.3,1783.6
2026-03-16,Index Options,14784381,2246941.98,14797927,2249721.57,3232640,497310.53,-2779.59
2026-03-16,Stock Futures,377463,23545.78,371696,22989.69,6984210,423637.0,556.09
2026-03-16,Stock Options,346926,22431.03,350102,22880.2,947008,59635.05,-449.17
2026-03-13,Index Futures,40167,6202.16,74380,11402.36,325106,49520.67,-5200.2
2026-03-13,Index Options,7950410,1229741.82,7953272,1230686.43,3294735,500910.73,-944.61
2026-03-13,Stock Futures,364561,22856.41,376102,23814.4,6944687,419681.41,-957.99
2026-03-13,Stock Options,340766,22368.59,346683,22672.3,897092,56354.08,-303.71
2026-03-12,Index Futures,23962,3805.97,43988,6913.95,287255,44810.09,-3107.98
2026-03-12,Index Options,5689900,892513.54,5759841,903838.5,2781395,432304.58,-11324.96
2026-03-12,Stock Futures,347199,22217.55,349454,22381.14,6845218,423622.66,-163.59
2026-03-12,Stock Options,314121,20739.55,314859,20815.54,829621,53516.97,-75.99
2026-03-11,Index Futures,21351,3436.21,40582,6470.6,269547,42416.63,-3034.39
2026-03-11,Index Options,5399109,855091.99,5418842,858048.83,2595792,407644.07,-2956.84
2026-03-11,Stock Futures,306140,20172.23,337402,21881.77,6796453,422721.16,-1709.54
2026-03-11,Stock Options,279332,19103.87,286921,19669.14,778869,50779.19,-565.27
2026-03-10,Index Futures,33175,5365.72,26343,4258.55,250962,40310.21,1107.17
2026-03-10,Index Options,25695542,4049077.93,25882135,4079579.08,2358695,377190.67,-30501.15
2026-03-10,Stock Futures,367022,24131.8,356638,23703.68,6753053,427745.04,428.12
2026-03-10,Stock Options,207643,13983.24,211412,14188.98,729812,48086.91,-205.74
2026-03-09,Index Futures,45119,7177.07,64730,10249.89,257514,40823.73,-3072.82
2026-03-09,Index Options,10341195,1642097.79,10382143,1649038.61,3203119,504717.72,-6940.82
2026-03-09,Stock Futures,400661,25883.6,365459,23865.98,6745989,421000.07,2017.62
2026-03-09,Stock Options,297071,20134.24,295882,20134.61,692561,44854.23,-0.37
2026-03-06,Index Futures,20056,3290.51,32499,5356.19,234931,37979.65,-2065.68
2026-03-06,Index Options,8759136,1413636.32,8722485,1407834.72,2788148,447804.3,5801.6
2026-03-06,Stock Futures,354262,23200.73,369313,24564.0,6694331,424723.77,-1363.27
2026-03-06,Stock Options,138840,9561.93,132178,9137.51,625742,41406.04,424.42
2026-03-05,Index Futures,31282,5177.68,29417,4878.09,228748,37484.36,299.59
2026-03-05,Index Options,6928260,1122042.5,6950388,1126319.59,2460211,400488.02,-4277.09
2026-03-05,Stock Futures,364714,24619.59,379386,25487.97,6668214,426751.71,-868.38
2026-03-05,Stock Options,337698,23368.0,342717,23797.15,561482,37482.49,-429.15
2026-03-04,Index Futures,29467,4781.42,48707,7984.89,225439,36550.16,-3203.47
2026-03-04,Index Options,5747232,940545.53,5788984,947483.0,2204119,355248.31,-6937.47
2026-03-04,Stock Futures,417889,27709.35,431291,29099.44,6696762,423038.93,-1390.09
2026-03-04,Stock Options,319939,22016.73,313293,21724.14,484665,31868.97,292.59
2026-03-02,Index Futures,18827,3119.04,38932,6433.57,214417,35378.39,-3314.53
2026-03-02,Index Options,29116063,4710853.74,29262266,4734376.46,1822647,298346.68,-23522.72
2026-03-02,Stock Futures,368823,25078.64,364935,24557.39,6724606,432872.75,521.25
2026-03-02,Stock Options,294090,20476.64,292459,20284.17,410017,27426.19,192.47
2026-02-27,Index Futures,9735,1653.27,31123,5236.01,196934,32970.59,-3582.74
2026-02-27,Index Options,10896261,1802724.01,10809328,1787851.28,2685131,442736.72,14872.73
2026-02-27,Stock Futures,331739,22220.82,363138,24747.72,6687548,436524.79,-2526.9
2026-02-27,Stock Options,219135,15304.66,227083,15829.83,354008,23900.59,-525.17
2026-02-26,Index Futures,10975,1874.2,9474,1626.13,182032,30881.98,248.07
2026-02-26,Index Options,7020952,1166201.03,7033735,1168317.5,2212343,369654.0,-2116.47
2026-02-26,Stock Futures,295159,20269.95,295618,20594.22,6661691,440306.12,-324.27
2026-02-26,Stock Options,244236,17359.57,246013,17190.89,296036,20154.18,168.68
2026-02-25,Index Futures,15123,2562.87,13533,2294.69,180445,30573.54,268.18
2026-02-25,Index Options,6357557,1059353.91,6381614,1063473.67,1917434,320388.4,-4119.76
2026-02-25,Stock Futures,325075,22065.97,309734,20708.04,6614086,436194.63,1357.93
2026-02-25,Stock Options,265097,18970.94,265363,18639.78,218847,14830.65,331.16
2026-02-24,Index Futures,42117,7142.27,61224,10435.42,184663,31233.52,-3293.15
2026-02-24,Index Options,29551880,4992943.06,29706745,5019091.09,1588937,264982.11,-26148.03
2026-02-24,Stock Futures,610163,39901.41,606369,39544.4,6563689,431076.96,357.01
2026-02-24,Stock Options,205095,13822.38,227657,15424.15,104477,6565.11,-1601.77
2026-02-23,Index Futures,90948,15316.25,86369,14629.71,310285,52571.79,686.54
2026-02-23,Index Options,13565915,2284402.31,13547676,2282196.3,3224676,546634.0,2206.01
2026-02-23,Stock Futures,1760935,117694.99,1719772,114713.49,6731374,446105.87,2981.5
2026-02-23,Stock Options,628747,43721.94,628513,44008.99,911883,61795.33,-287.05
2026-02-20,Index Futures,63913,10854.3,59705,10158.17,270194,45578.28,696.13
2026-02-20,Index Options,11745140,1969908.27,11693792,1962350.5,3097944,522015.17,7557.77
2026-02-20,Stock Futures,2451990,162516.46,2381229,157399.89,6651591,440050.17,5116.57
2026-02-20,Stock Options,720552,50088.58,715409,49600.64,989025,67089.9,487.94
2026-02-19,Index Futures,31480,5311.76,34758,5898.45,258356,43298.74,-586.69
2026-02-19,Index Options,8309367,1400861.19,8296195,1397179.31,3008213,504017.36,3681.88
2026-02-19,Stock Futures,2250453,148918.41,2283517,150948.7,6609168,434427.03,-2030.29
2026-02-19,Stock Options,804008,56446.0,790652,55374.06,1040880,70506.87,1071.94
2026-02-18,Index Futures,23432,4086.87,16768,2884.15,247608,42151.04,1202.72
2026-02-18,Index Options,5746621,967046.2,5776436,972250.13,2450239,417777.44,-5203.93
2026-02-18,Stock Futures,657940,44420.26,661565,44076.8,6615148,441355.23,343.46
2026-02-18,Stock Options,689607,48678.43,691478,48804.67,1107200,75954.54,-126.24
2026-02-17,Index Futures,15171,2630.98,11291,1936.44,245804,41631.75,694.54
2026-02-17,Index Options,22123097,3698753.78,22255955,3721072.33,2151288,366095.41,-22318.55
2026-02-17,Stock Futures,341283,22586.31,372984,24513.41,6554299,435968.02,-1927.1
2026-02-17,Stock Options,682026,47451.23,674028,47005.45,1120575,76797.57,445.78
2026-02-16,Index Futures,16047,2794.63,13612,2357.07,242392,40976.05,437.56
2026-02-16,Index Options,11323489,1884883.17,11357966,1892938.7,3141403,529437.15,-8055.53
2026-02-16,Stock Futures,304704,20282.04,298837,20246.93,6518600,432868.96,35.11
2026-02-16,Stock Options,556616,38925.38,560692,39281.05,1096897,75024.71,-355.67
2026-02-13,Index Futures,11456,1934.46,25822,4389.56,240909,40393.42,-2455.1
2026-02-13,Index Options,8486726,1420294.3,8317940,1391317.32,3209563,536175.93,28976.98
2026-02-13,Stock Futures,359891,22705.13,397689,25978.2,6505629,428921.67,-3273.07
2026-02-13,Stock Options,666547,45658.46,661733,45377.32,1078571,73296.89,281.14
2026-02-12,Index Futures,15706,2724.46,16698,2861.39,237967,40431.82,-136.93
2026-02-12,Index Options,5270873,888404.49,5276428,889091.51,2611963,442768.18,-687.02
2026-02-12,Stock Futures,345689,23657.75,359892,24732.2,6418775,430567.03,-1074.45
2026-02-12,Stock Options,597927,42782.67,613139,43734.99,1022935,70613.03,-952.32
2026-02-11,Index Futures,14701,2540.41,13302,2294.44,237285,40536.09,245.97
2026-02-11,Index Options,4446901,750937.02,4490591,758209.72,2330533,397271.71,-7272.7
2026-02-11,Stock Futures,315522,22308.09,323978,23069.06,6365432,429655.24,-760.97
2026-02-11,Stock Options,479982,34902.5,498581,36408.29,942785,65521.08,-1505.79
2026-02-10,Index Futures,23414,4011.18,11109,1916.93,235966,40289.7,2094.25
2026-02-10,Index Options,16743637,2818998.4,16867609,2839982.3,2025826,345330.43,-20983.9
2026-02-10,Stock Futures,276058,19246.18,294014,20566.25,6351826,428294.57,-1320.07
2026-02-10,Stock Options,481630,34732.25,491861,35576.26,880816,61076.48,-844.01
2026-02-09,Index Futures,14888,2581.14,10557,1818.62,235077,40044.41,762.52
2026-02-09,Index Options,8906088,1493110.37,8878588,1488818.8,3206648,542668.64,4291.57
2026-02-09,Stock Futures,340919,23130.44,329667,22688.08,6354064,427315.04,442.36
2026-02-09,Stock Options,420793,29654.15,428677,30137.73,818389,56211.68,-483.58
2026-02-06,Index Futures,12130,2049.92,18358,3106.29,237174,40073.37,-1056.37
2026-02-06,Index Options,10365496,1729704.63,10300404,1719061.99,3101504,521074.14,10642.64
2026-02-06,Stock Futures,317498,21261.16,351354,23092.31,6368728,423674.58,-1831.15
2026-02-06,Stock Options,430112,28987.76,433748,29108.01,780709,52575.35,-120.25
2026-02-05,Index Futures,22243,3741.69,18949,3203.53,228626,38661.22,538.16
2026-02-05,Index Options,5381893,902832.29,5326729,893422.79,2773446,465211.46,9409.5
2026-02-05,Stock Futures,311622,20994.99,351495,23515.62,6351572,424026.18,-2520.63
2026-02-05,Stock Options,362898,24450.81,370985,24996.47,729669,49091.19,-545.66
2026-02-04,Index Futures,26987,4645.74,16851,2873.49,235100,39917.4,1772.25
2026-02-04,Index Options,5147642,865297.43,5178966,870193.35,2465562,415871.82,-4895.92
2026-02-04,Stock Futures,435242,29303.54,434357,28677.86,6358811,426822.11,625.68
2026-02-04,Stock Options,467926,31837.59,466145,31596.79,666654,45353.28,240.8
2026-02-03,Index Futures,83159,14194.76,43472,7375.31,237498,40228.94,6819.45
2026-02-03,Index Options,26561455,4454032.68,26682507,4473677.42,2158478,363622.49,-19644.74
2026-02-03,Stock Futures,589965,41056.67,535688,36347.36,6290516,421393.89,4709.31
2026-02-03,Stock Options,459963,31383.72,466941,31645.9,566911,38601.76,-262.18
2026-02-02,Index Futures,44002,7221.81,37922,6335.48,257149,42303.55,886.33
2026-02-02,Index Options,15227726,2474164.55,15196016,2470113.21,3081232,505085.6,4051.34
2026-02-02,Stock Futures,480260,32515.27,465174,31279.07,6266675,409541.92,1236.2
2026-02-02,Stock Options,407710,27746.97,414258,28175.7,463579,31096.56,-428.73
2026-01-30,Index Futures,20423,3435.73,28697,4789.55,255712,42510.66,-1353.82
2026-01-30,Index Options,6585867,1092126.36,6513505,1079966.41,2469099,408517.64,12159.95
2026-01-30,Stock Futures,372201,25517.24,442786,30456.48,6220209,411361.18,-4939.24
2026-01-30,Stock Options,307688,22045.26,313059,22225.26,390695,26169.12,-180.0
2026-01-29,Index Futures,18448,3139.73,29441,4903.05,246012,41092.34,-1763.32
2026-01-29,Index Options,5056123,839802.62,5079235,843813.86,2153133,357797.29,-4011.24
2026-01-29,Stock Futures,381741,26165.16,463820,31876.12,6200540,413037.32,-5710.96
2026-01-29,Stock Options,294079,20710.59,301940,21244.48,307094,20489.61,-533.89
2026-01-28,Index Futures,23057,3850.77,21987,3670.26,233489,38896.68,180.51
2026-01-28,Index Options,4997018,828677.91,5006019,830365.7,2020364,334666.32,-1687.79
2026-01-28,Stock Futures,380122,25833.29,392868,26684.8,6244399,415089.22,-851.51
2026-01-28,Stock Options,291682,20431.48,293489,20542.95,223529,14829.79,-111.47
2026-01-27,Index Futures,74199,12285.13,92389,15283.43,230153,38194.58,-2998.3
2026-01-27,Index Options,31362675,5185971.33,31360245,5186755.46,1625640,267415.62,-784.13
2026-01-27,Stock Futures,943490,61498.48,839916,54938.99,6221085,409379.59,6559.49
2026-01-27,Stock Options,277648,19039.12,325313,22640.42,142078,9040.2,-3601.3
2026-01-23,Index Futures,80960,13428.33,92293,15357.58,321977,52963.7,-1929.25
2026-01-23,Index Options,13863859,2298579.51,13736673,2276919.83,3421008,562174.12,21659.68
2026-01-23,Stock Futures,2040237,134709.96,2042175,134670.15,6462480,421169.66,39.81
2026-01-23,Stock Options,735601,51918.11,731287,51749.12,738474,48560.86,168.99
2026-01-22,Index Futures,76213,12607.13,87691,14564.67,288324,47864.36,-1957.54
2026-01-22,Index Options,11012536,1822969.14,11019019,1823952.11,2708113,449477.52,-982.97
2026-01-22,Stock Futures,2669857,177868.92,2640544,175418.16,6469344,428753.55,2450.76
2026-01-22,Stock Options,756208,52999.45,773185,54082.64,803140,53751.32,-1083.19
2026-01-21,Index Futures,51025,8452.08,54180,9021.2,264680,43586.69,-569.12
2026-01-21,Index Options,11199803,1860872.39,11258102,1870777.39,2628999,433831.48,-9905.0
2026-01-21,Stock Futures,2119610,138338.37,2094337,136827.8,6420097,421377.83,1510.57
2026-01-21,Stock Options,1044164,72859.52,1047461,73024.73,870553,57796.57,-165.21
2026-01-20,Index Futures,25178,4191.55,33648,5651.11,246885,40813.43,-1459.56
2026-01-20,Index Options,21797089,3623455.84,21886271,3637561.01,2079183,344684.95,-14105.17
2026-01-20,Stock Futures,461330,31207.15,463301,31465.76,6329818,416543.14,-258.61
2026-01-20,Stock Options,828904,58349.82,816192,57380.8,879480,58795.56,969.02
2026-01-19,Index Futures,20328,3430.58,23050,3909.87,238311,39922.03,-479.29
2026-01-19,Index Options,13477806,2253512.23,13523759,2261218.71,2896670,484975.35,-7706.48
2026-01-19,Stock Futures,404481,28581.16,433625,30327.71,6260717,420932.38,-1746.55
2026-01-19,Stock Options,750370,54177.57,768499,55364.86,841560,57578.04,-1187.29
2026-01-16,Index Futures,27112,4664.82,18353,3139.76,234003,39404.98,1525.06
2026-01-16,Index Options,11491271,1931265.93,11389551,1914092.99,2663076,447789.18,17172.94
2026-01-16,Stock Futures,444571,31160.53,435624,30875.59,6223393,420361.12,284.94
2026-01-16,Stock Options,676980,48982.46,679731,48964.92,782851,53727.71,17.54
2026-01-14,Index Futures,17152,2922.31,18631,3153.9,234836,39488.6,-231.59
2026-01-14,Index Options,6050882,1017257.47,6081821,1022268.97,2361501,396439.47,-5011.5
2026-01-14,Stock Futures,334154,23460.0,328518,23068.3,6219058,419146.47,391.7
2026-01-14,Stock Options,555203,39539.68,545615,38681.21,730196,49734.51,858.47
2026-01-13,Index Futures,18191,3110.75,22437,3815.92,232747,39221.53,-705.17
2026-01-13,Index Options,28254349,4737604.76,28303815,4745669.28,1847068,311237.7,-8064.52
2026-01-13,Stock Futures,311134,20839.88,346769,23119.82,6187228,416694.92,-2279.94
2026-01-13,Stock Options,521682,35829.52,522731,35739.95,659178,44586.74,89.57
2026-01-12,Index Futures,24887,4253.83,32233,5481.67,229047,38711.34,-1227.84
2026-01-12,Index Options,17611827,2950179.34,17607697,2950144.96,2875423,484080.09,34.38
2026-01-12,Stock Futures,334407,22959.18,325172,22068.17,6156837,415909.75,891.01
2026-01-12,Stock Options,496889,34303.03,486443,33694.8,601289,40808.49,608.23
2026-01-09,Index Futures,17850,3034.39,36566,6229.65,219063,36880.73,-3195.26
2026-01-09,Index Options,11233042,1893236.92,11149913,1878693.69,2867882,480796.0,14543.23
2026-01-09,Stock Futures,353893,24325.58,343016,23439.83,6148982,414136.19,885.75
2026-01-09,Stock Options,454573,31920.12,452224,31795.95,554153,37565.95,124.17
2026-01-08,Index Futures,17452,2984.87,48527,8269.72,202583,34362.95,-5284.85
2026-01-08,Index Options,7668669,1302741.77,7738216,1313930.73,2434633,411620.18,-11188.96
2026-01-08,Stock Futures,335000,23468.33,390888,26738.29,6125777,416094.4,-3269.96
2026-01-08,Stock Options,475741,34069.71,467894,33375.3,519962,35540.01,694.41
2026-01-07,Index Futures,10770,1863.0,19154,3312.97,170846,29317.04,-1449.97
2026-01-07,Index Options,5207818,889341.26,5218105,890839.91,1936491,331002.98,-1498.65
2026-01-07,Stock Futures,316020,22116.53,339807,23189.65,6096717,420900.27,-1073.12
2026-01-07,Stock Options,376944,27462.06,381175,27677.93,462117,32037.29,-215.87
2026-01-06,Index Futures,16132,2806.01,15997,2750.16,171548,29467.42,55.85
2026-01-06,Index Options,15708868,2680434.56,15685365,2675969.64,1643259,281504.5,4464.92
2026-01-06,Stock Futures,332309,23581.52,363559,24638.29,6079864,418927.53,-1056.77
2026-01-06,Stock Options,406218,29406.04,410339,29613.02,413090,28595.43,-206.98
2026-01-05,Index Futures,17982,3142.21,15759,2740.76,166245,28580.14,401.45
2026-01-05,Index Options,11318708,1937938.42,11334116,1939796.58,2286908,391811.3,-1858.16
2026-01-05,Stock Futures,302154,21355.83,348853,23923.7,6020992,415719.0,-2567.87
2026-01-05,Stock Options,411006,29282.55,415695,29470.13,356371,24681.46,-187.58
2026-01-02,Index Futures,22349,3864.64,8669,1505.93,168772,29121.37,2358.71
2026-01-02,Index Options,6143795,1047347.06,6153900,1049453.87,2017579,346587.56,-2106.81
2026-01-02,Stock Futures,284073,19757.07,282868,19514.21,6003553,415686.22,242.86
2026-01-02,Stock Options,312238,22331.23,307412,21955.51,299988,20878.64,375.72
2026-01-01,Index Futures,6338,1101.47,4378,757.17,177376,30390.13,344.3
2026-01-01,Index Options,3283204,558338.65,3300727,561078.53,1747669,298201.87,-2739.88
2026-01-01,Stock Futures,136150,9393.49,148458,9959.38,5991144,411177.32,-565.89
2026-01-01,Stock Options,66763,4796.76,72641,5151.67,253620,17457.77,-354.91
2025-12-31,Index Futures,10841,1890.07,12665,2178.34,177288,30356.75,-288.27
2025-12-31,Index Options,4476158,759829.67,4441887,754432.19,1630041,277799.3,5397.48
2025-12-31,Stock Futures,273940,19148.63,231305,16234.33,5976172,408827.62,2914.3
2025-12-31,Stock Options,258440,19072.0,267225,19512.43,213606,14567.59,-440.43
2025-12-30,Index Futures,56674,10683.85,66415,11470.44,174986,29748.87,-786.59
2025-12-30,Index Options,17570168,3435555.75,17493255,3420963.91,1200424,207805.14,14591.84
2025-12-30,Stock Futures,608644,40735.62,518912,36118.09,5934461,402725.23,4617.53
2025-12-30,Stock Options,239636,17116.42,236616,16713.67,124703,8362.79,402.75
2025-12-29,Index Futures,59187,11333.79,74974,13041.47,213134,38545.04,-1707.68
2025-12-29,Index Options,8598742,1681074.67,8604632,1683061.06,2584688,489576.37,-1986.39
2025-12-29,Stock Futures,1193829,81229.25,1202414,81732.81,6062935,410734.31,-503.56
2025-12-29,Stock Options,548472,39494.01,573735,41209.85,483388,33275.67,-1715.84
2025-12-26,Index Futures,46615,8979.53,56717,10110.26,178665,33305.21,-1130.73
2025-12-26,Index Options,5336896,1046828.04,5296349,1038980.15,2438121,466514.38,7847.89
2025-12-26,Stock Futures,1872777,127899.25,1854014,126732.97,6050334,411995.15,1166.28
2025-12-26,Stock Options,629837,43967.47,627872,43848.32,544271,37754.9,119.15
2025-12-24,Index Futures,18763,3633.12,14056,2600.72,171773,33026.21,1032.4
2025-12-24,Index Options,4194297,821910.47,4199423,823517.35,2107604,405564.63,-1606.88
2025-12-24,Stock Futures,1907628,129750.45,1897234,128871.27,6060057,413677.21,879.18
2025-12-24,Stock Options,723471,51243.77,706785,50336.79,582622,40438.75,906.98
2025-12-23,Index Futures,19510,3757.87,8567,1659.98,179620,34799.36,2097.89
2025-12-23,Index Options,10867920,2131935.48,10894332,2137141.93,1775847,343199.81,-5206.45
2025-12-23,Stock Futures,848082,58767.15,818768,56919.86,6059775,413770.79,1847.29
2025-12-23,Stock Options,645795,44977.57,624057,43635.03,613680,42710.82,1342.54
2025-12-22,Index Futures,21880,4172.05,7796,1496.39,187373,36436.62,2675.66
2025-12-22,Index Options,5579270,1087607.58,5560212,1084345.57,2503177,487120.52,3262.01
2025-12-22,Stock Futures,469019,32699.28,456314,31557.0,6042509,412235.82,1142.28
2025-12-22,Stock Options,661469,47759.07,660783,47818.5,615932,42918.22,-59.43
2025-12-19,Index Futures,14594,2807.51,7897,1546.35,192787,37349.68,1261.16
2025-12-19,Index Options,6168783,1198519.39,6158752,1197287.37,2337090,452658.02,1232.02
2025-12-19,Stock Futures,434367,29006.44,366315,25354.73,6032956,408331.32,3651.71
2025-12-19,Stock Options,556365,39081.43,567094,39809.9,591908,40739.6,-728.47
2025-12-18,Index Futures,10610,2082.91,11442,2211.72,197780,38135.59,-128.81
2025-12-18,Index Options,5160103,1003494.56,5168507,1005578.97,2171585,419141.07,-2084.41
2025-12-18,Stock Futures,393607,26775.27,362542,24521.22,5994212,401265.85,2254.05
2025-12-18,Stock Options,505043,35263.93,510335,35544.38,580723,39379.49,-280.45
2025-12-17,Index Futures,6986,1353.96,14791,2862.54,196774,37979.09,-1508.58
2025-12-17,Index Options,3883550,758522.6,3909212,763302.74,2068803,400035.87,-4780.14
2025-12-17,Stock Futures,249684,16983.9,261582,17819.66,5934387,396604.06,-835.76
2025-12-17,Stock Options,434113,31139.85,429791,30815.02,562667,38060.0,324.83
2025-12-16,Index Futures,8571,1670.53,17491,3437.66,191551,37086.8,-1767.13
2025-12-16,Index Options,12861432,2508922.31,12807783,2498132.17,1748767,339257.66,10790.14
2025-12-16,Stock Futures,281981,19091.66,328207,22333.09,5901225,395893.2,-3241.43
2025-12-16,Stock Options,399963,28859.6,410274,29376.62,532217,36024.46,-517.02
2025-12-15,Index Futures,11461,2236.8,8970,1762.19,187877,36638.48,474.61
2025-12-15,Index Options,8659000,1687746.06,8693493,1694502.03,2492574,486647.77,-6755.97
2025-12-15,Stock Futures,208347,14212.24,241696,16509.09,5925239,400367.56,-2296.85
2025-12-15,Stock Options,356111,25402.61,364585,25940.67,502150,34247.93,-538.06
2025-12-12,Index Futures,9568,1881.59,13000,2539.45,188448,36799.25,-657.86
2025-12-12,Index Options,7165603,1397319.3,7132419,1390953.05,2315898,452578.76,6366.25
2025-12-12,Stock Futures,247156,16873.24,239312,16135.06,5917150,400131.94,738.18
2025-12-12,Stock Options,391506,28117.33,389707,27942.63,479532,32681.56,174.7
2025-12-11,Index Futures,15837,3109.11,14482,2817.65,190618,37000.66,291.46
2025-12-11,Index Options,6220963,1210157.55,6270243,1220244.48,2156278,419199.74,-10086.93
2025-12-11,Stock Futures,273168,18631.67,230126,15876.16,5881372,394850.83,2755.51
2025-12-11,Stock Options,365890,26169.75,364694,26089.94,464097,31298.77,79.81
2025-12-10,Index Futures,11273,2194.38,17114,3318.23,188591,36393.88,-1123.85
2025-12-10,Index Options,5427628,1058972.78,5418214,1056546.45,2072396,400626.38,2426.33
2025-12-10,Stock Futures,258470,17876.33,275073,18667.24,5880898,391268.14,-790.91
2025-12-10,Stock Options,335528,23825.86,348058,24713.73,458931,30498.59,-887.87
2025-12-09,Index Futures,16100,3158.13,20069,3916.74,181710,35229.41,-758.61
2025-12-09,Index Options,21330643,4150135.5,21117847,4108880.99,1790420,347611.06,41254.51
2025-12-09,Stock Futures,298179,20532.75,277068,19169.19,5873499,393291.38,1363.56
2025-12-09,Stock Options,388950,27584.82,388516,27630.66,437877,29279.31,-45.84
2025-12-08,Index Futures,10755,2106.24,27982,5548.28,182619,35598.34,-3442.04
2025-12-08,Index Options,10420268,2043031.94,10475518,2053875.93,2595122,506041.3,-10843.99
2025-12-08,Stock Futures,275893,19042.15,293968,20374.88,5874424,393063.6,-1332.73
2025-12-08,Stock Options,392944,28038.33,378623,26919.48,421745,28082.8,1118.85
2025-12-05,Index Futures,11937,2378.09,10709,2142.71,167294,32942.9,235.38
2025-12-05,Index Options,8291144,1621402.7,8272242,1618101.96,2314342,455439.15,3300.74
2025-12-05,Stock Futures,271050,18831.79,252349,17426.23,5842845,397404.44,1405.56
2025-12-05,Stock Options,317791,22783.47,340488,24300.97,393510,26743.89,-1517.5
2025-12-04,Index Futures,6379,1261.94,15440,3059.82,163382,31959.24,-1797.88
2025-12-04,Index Options,4819526,939269.33,4846000,944878.63,2068063,404667.88,-5609.3
2025-12-04,Stock Futures,240830,16492.31,207665,14599.69,5784574,391470.63,1892.62
2025-12-04,Stock Options,252350,18097.9,256143,18468.37,355689,24049.22,-370.47
2025-12-03,Index Futures,14462,2871.19,28072,5504.38,157871,30859.53,-2633.19
2025-12-03,Index Options,4497809,880650.72,4456462,872296.43,1945293,380176.54,8354.29
2025-12-03,Stock Futures,245422,17072.32,282819,19664.51,5784979,390435.78,-2592.19
2025-12-03,Stock Options,308503,22323.2,307958,22204.21,343053,23108.2,118.99
2025-12-02,Index Futures,9296,1842.7,21985,4308.05,146475,28791.1,-2465.35
2025-12-02,Index Options,15103602,2965361.27,15054679,2955134.81,1599094,313339.49,10226.46
2025-12-02,Stock Futures,266367,18639.54,214424,15008.88,5784390,393516.51,3630.66
2025-12-02,Stock Options,217098,15974.41,217048,15904.35,310330,21007.43,70.06
2025-12-01,Index Futures,12005,2400.14,11579,2292.41,139890,27688.05,107.73
2025-12-01,Index Options,8547912,1681967.91,8542091,1680420.18,2272210,447273.02,1547.73
2025-12-01,Stock Futures,193885,13758.16,200890,14220.98,5800539,395564.98,-462.82
2025-12-01,Stock Options,240347,17631.55,245200,17931.21,283986,19268.17,-299.66
2025-11-28,Index Futures,8100,1622.94,8433,1674.05,139936,27767.48,-51.11
2025-11-28,Index Options,5731753,1123394.62,5704176,1118290.51,2104425,414797.4,5104.11
2025-11-28,Stock Futures,187918,13128.95,190277,13477.46,5779030,394475.12,-348.51
2025-11-28,Stock Options,182949,13464.28,187793,13792.79,240015,16336.07,-328.51
2025-11-27,Index Futures,15320,3091.14,11836,2344.56,138787,27540.65,746.58
2025-11-27,Index Options,5623951,1103970.12,5577293,1094705.92,1832097,361410.89,9264.2
2025-11-27,Stock Futures,208793,14803.88,242617,17417.85,5771935,394454.35,-2613.97
2025-11-27,Stock Options,218693,15949.82,229589,16660.25,207111,14077.5,-710.43
2025-11-26,Index Futures,21214,4225.14,17272,3434.69,138271,27434.72,790.45
2025-11-26,Index Options,4628400,904203.4,4662320,911061.94,1770657,348962.28,-6858.54
2025-11-26,Stock Futures,274975,18862.46,241605,17083.76,5737347,391768.26,1778.7
2025-11-26,Stock Options,228696,16434.75,237124,17066.91,160033,10748.9,-632.16
2025-11-25,Index Futures,40484,7987.47,52412,10303.01,135529,26573.83,-2315.54
2025-11-25,Index Options,22224712,4377121.63,22218412,4376074.69,1358808,264788.11,1046.94
2025-11-25,Stock Futures,506283,34499.55,503544,34367.2,5740519,385988.7,132.35
2025-11-25,Stock Options,190755,13449.24,198624,13896.11,96441,6270.81,-446.87
2025-11-24,Index Futures,60056,11853.21,51906,10286.73,227629,44821.42,1566.48
2025-11-24,Index Options,10105867,1986246.46,10137702,1992155.38,2637113,516617.44,-5908.92
2025-11-24,Stock Futures,1852059,125253.61,1767418,119084.48,5948544,400271.33,6169.13
2025-11-24,Stock Options,535629,38687.19,589308,42419.96,385112,25952.33,-3732.77
2025-11-21,Index Futures,51502,10201.54,55784,11023.68,220989,43603.34,-822.14
2025-11-21,Index Options,8036973,1577903.64,7954949,1561170.87,2261019,444615.88,16732.77
2025-11-21,Stock Futures,2272730,154811.69,2289547,155371.92,5942857,401031.81,-560.23
2025-11-21,Stock Options,753334,55018.52,744863,54394.78,482627,33042.81,623.74
2025-11-20,Index Futures,28922,5735.44,26916,5330.86,219923,43714.4,404.58
2025-11-20,Index Options,5604102,1093922.71,5539540,1081682.05,2151712,425368.28,12240.66
2025-11-20,Stock Futures,2073480,140518.47,2066154,139852.92,5918708,401966.47,665.55
2025-11-20,Stock Options,730235,53744.22,718455,52897.52,515276,35516.67,846.7
2025-11-19,Index Futures,13568,2682.37,12350,2445.22,221877,43872.51,237.15
2025-11-19,Index Options,4945125,963465.91,4982768,970913.12,1911900,376293.01,-7447.21
2025-11-19,Stock Futures,312791,21556.71,299921,20374.61,6019400,406312.05,1182.1
2025-11-19,Stock Options,679438,48228.03,674963,48035.89,548430,37861.31,192.14
2025-11-18,Index Futures,12994,2566.41,12498,2449.89,223041,43898.2,116.52
2025-11-18,Index Options,13838196,2697382.7,13799595,2689463.61,1572081,308074.02,7919.09
2025-11-18,Stock Futures,249945,17216.92,286412,19657.23,5994444,403641.53,-2440.31
2025-11-18,Stock Options,540177,40051.54,539679,40211.63,557867,38380.42,-160.09
2025-11-17,Index Futures,13164,2629.81,12830,2556.84,222689,43990.08,72.97
2025-11-17,Index Options,7877767,1532571.23,7902262,1538107.36,2398160,470113.86,-5536.13
2025-11-17,Stock Futures,258874,17596.0,277948,18520.89,5992259,406857.46,-924.89
2025-11-17,Stock Options,444561,32438.29,446846,32571.45,548267,37785.86,-133.16
2025-11-14,Index Futures,13121,2574.87,22793,4448.14,218449,42899.48,-1873.27
2025-11-14,Index Options,9918234,1928763.42,9866396,1918317.12,2261780,441130.21,10446.3
2025-11-14,Stock Futures,281623,19516.66,289273,19832.85,5958149,403779.79,-316.19
2025-11-14,Stock Options,472418,33712.69,478561,34164.03,532366,36611.92,-451.34
2025-11-13,Index Futures,12251,2412.03,9958,1958.41,209031,41045.19,453.62
2025-11-13,Index Options,5456353,1057398.49,5414633,1049249.05,1892520,368888.06,8149.44
2025-11-13,Stock Futures,319914,22319.49,306656,21395.41,5959667,403463.29,924.08
2025-11-13,Stock Options,490004,35383.56,496124,35806.46,513859,35210.9,-422.9
2025-11-12,Index Futures,12666,2478.45,15076,2953.99,213374,41949.11,-475.54
2025-11-12,Index Options,4048886,784666.4,4081638,791244.92,1670623,325672.0,-6578.52
2025-11-12,Stock Futures,357692,24907.2,304757,21071.91,5989683,406288.22,3835.29
2025-11-12,Stock Options,525867,37623.93,537093,38538.9,486325,33219.17,-914.97
2025-11-11,Index Futures,11226,2186.33,14349,2798.33,214132,41828.31,-612.0
2025-11-11,Index Options,17909182,3443498.88,17858449,3434482.41,1475491,285864.19,9016.47
2025-11-11,Stock Futures,317340,22009.4,321208,21988.26,5988672,403511.97,21.14
2025-11-11,Stock Options,414717,29488.49,412342,29282.38,481183,32689.72,206.11
2025-11-10,Index Futures,6448,1248.55,11064,2168.37,211865,41200.73,-919.82
2025-11-10,Index Options,8081952,1550319.12,8128694,1559413.09,2317736,446006.5,-9093.97
2025-11-10,Stock Futures,274148,18964.55,275233,18766.07,5997322,403048.1,198.48
2025-11-10,Stock Options,362402,25499.04,370002,25870.0,464916,31527.37,-370.96
2025-11-07,Index Futures,14016,2720.13,28253,5441.29,206735,40031.32,-2721.16
2025-11-07,Index Options,8629212,1651845.16,8565655,1640222.15,2153645,413146.17,11623.01
2025-11-07,Stock Futures,330084,23753.15,353772,25256.79,6006519,401652.98,-1503.64
2025-11-07,Stock Options,378696,28032.56,380854,28174.38,442444,30039.32,-141.82
2025-11-06,Index Futures,10815,2091.54,13451,2604.72,192998,37391.99,-513.18
2025-11-06,Index Options,5411870,1043925.08,5442493,1049663.42,1856502,356246.19,-5738.34
2025-11-06,Stock Futures,329543,23007.7,339927,23253.26,5980291,399482.36,-245.56
2025-11-06,Stock Options,342098,24792.22,337728,24357.57,415694,28024.88,434.65
2025-11-04,Index Futures,17720,3434.3,28111,5457.55,194406,37810.29,-2023.25
2025-11-04,Index Options,14379567,2782505.82,14077282,2723926.09,1431027,275954.28,58579.73
2025-11-04,Stock Futures,271340,18866.23,343955,23537.86,5942337,399946.61,-4671.63
2025-11-04,Stock Options,330144,24114.48,319180,23257.35,373926,25389.58,857.13
2025-11-03,Index Futures,9636,1896.74,15790,3090.89,181471,35574.14,-1194.15
2025-11-03,Index Options,8581220,1660853.11,8603540,1666155.13,2269862,439830.55,-5302.02
2025-11-03,Stock Futures,283529,19576.17,301887,20568.73,5920220,401953.37,-992.56
2025-11-03,Stock Options,303576,22014.98,304842,22068.5,343878,23483.18,-53.52
2025-10-31,Index Futures,13298,2605.34,21523,4216.91,174581,34180.47,-1611.57
2025-10-31,Index Options,8286185,1616066.22,8234992,1605954.31,2292880,443411.82,10111.91
2025-10-31,Stock Futures,301147,20945.61,321502,21886.96,5910168,399837.23,-941.35
2025-10-31,Stock Options,354245,25682.49,346149,25064.52,302206,20470.4,617.97
2025-10-30,Index Futures,8096,1588.59,20230,3978.93,167268,32905.61,-2390.34
2025-10-30,Index Options,5336235,1043181.75,5289237,1033248.47,1906576,371155.96,9933.28
2025-10-30,Stock Futures,260155,18191.28,320244,21770.46,5892355,400450.85,-3579.18
2025-10-30,Stock Options,298038,21568.65,301829,21825.58,255490,17388.75,-256.93
2025-10-29,Index Futures,12203,2418.05,18351,3640.35,158146,31338.12,-1222.3
2025-10-29,Index Options,4562816,892807.1,4574254,895024.57,1471380,288587.63,-2217.47
2025-10-29,Stock Futures,333922,22025.9,313773,21192.32,5883466,402227.27,833.58
2025-10-29,Stock Options,311294,21983.42,317325,22534.51,205701,14017.35,-551.09
2025-10-28,Index Futures,55041,10809.49,72037,14177.32,151150,29785.37,-3367.83
2025-10-28,Index Options,26434984,5165897.07,26265224,5133306.46,1138603,222658.66,32590.61
2025-10-28,Stock Futures,664481,48818.72,647306,47567.31,5558418,398114.15,1251.41
2025-10-28,Stock Options,234103,18123.19,252916,19532.36,117574,8184.96,-1409.17
2025-10-27,Index Futures,57522,11293.99,58607,11537.16,221392,43513.65,-243.17
2025-10-27,Index Options,10278305,2002162.32,10312423,2008975.48,2546200,498773.22,-6813.16
2025-10-27,Stock Futures,1701384,121904.57,1639119,117315.86,5815294,416985.92,4588.71
2025-10-27,Stock Options,465475,35680.84,477264,36672.38,415380,29805.94,-991.54
2025-10-24,Index Futures,52666,10270.36,45702,8934.0,211701,41179.55,1336.36
2025-10-24,Index Options,11055719,2149481.01,11066885,2151337.02,2628256,511110.16,-1856.01
2025-10-24,Stock Futures,2264310,161568.59,2281902,162271.65,5797453,412229.87,-703.06
2025-10-24,Stock Options,518481,40035.03,515579,39694.96,444805,31889.08,340.07
2025-10-23,Index Futures,55090,10840.39,31572,6188.17,217215,42451.97,4652.22
2025-10-23,Index Options,7725419,1501991.41,7683006,1493540.44,2238644,436974.81,8450.97
2025-10-23,Stock Futures,2097891,149720.83,1972245,141581.21,5794855,413879.29,8139.62
2025-10-23,Stock Options,769551,56388.55,746187,54747.68,474175,34356.67,1640.87
2025-10-21,Index Futures,1856,361.2,1557,303.68,220479,42939.4,57.52
2025-10-21,Index Options,779536,150591.13,801042,154667.27,1777103,347005.12,-4076.14
2025-10-21,Stock Futures,26294,1902.46,19099,1475.17,5753877,408615.41,427.29
2025-10-21,Stock Options,16763,1302.8,18451,1426.36,473739,34250.21,-123.56
2025-10-20,Index Futures,22482,4418.54,17290,3390.26,219042,42696.5,1028.28
2025-10-20,Index Options,19830835,3848431.09,19803528,3842885.81,1655929,323232.3,5545.28
2025-10-20,Stock Futures,381986,28081.42,338136,25294.33,5745248,408127.12,2787.09
2025-10-20,Stock Options,572456,43297.52,578540,43855.74,474417,34282.56,-558.22
2025-10-17,Index Futures,36706,7160.48,16288,3169.47,213362,41300.19,3991.01
2025-10-17,Index Options,12352128,2377933.88,12368961,2380917.29,2371111,459246.31,-2983.41
2025-10-17,Stock Futures,397817,28371.02,406403,28622.39,5669736,400725.1,-251.37
2025-10-17,Stock Options,597969,44439.14,594357,43964.4,454015,32481.9,474.74
2025-10-16,Index Futures,40700,7875.65,14523,2808.94,225060,43432.72,5066.71
2025-10-16,Index Options,6513520,1241544.32,6390158,1217925.64,2081268,401437.84,23618.68
2025-10-16,Stock Futures,370953,26699.29,360034,26236.27,5620140,398607.95,463.02
2025-10-16,Stock Options,417081,30360.04,413661,30121.01,435701,30857.36,239.03
2025-10-15,Index Futures,15952,3053.75,10687,2045.56,225955,43194.04,1008.19
2025-10-15,Index Options,4847885,918335.46,4851968,919356.92,1727639,329950.53,-1021.46
2025-10-15,Stock Futures,289051,19949.96,273375,18515.53,5610175,395634.31,1434.43
2025-10-15,Stock Options,381971,26820.27,378893,26652.05,413703,29128.86,168.22
2025-10-14,Index Futures,19519,3715.92,28190,5367.44,226890,43012.11,-1651.52
2025-10-14,Index Options,23842133,4513116.61,23720694,4490032.53,1340488,254611.47,23084.08
2025-10-14,Stock Futures,251806,17282.69,316720,21170.24,5599879,391631.56,-3887.55
2025-10-14,Stock Options,381192,27718.3,378505,27631.51,387233,27107.82,86.79
2025-10-13,Index Futures,9267,1771.28,13637,2607.21,217495,41437.87,-835.93
2025-10-13,Index Options,9391263,1774215.47,9400828,1775754.3,2054281,390440.94,-1538.83
2025-10-13,Stock Futures,207183,14571.1,245785,17072.79,5591335,394650.1,-2501.69
2025-10-13,Stock Options,322770,23655.65,320040,23473.81,377654,26662.77,181.84
2025-10-10,Index Futures,16472,3166.83,12001,2307.63,213509,40794.22,859.2
2025-10-10,Index Options,7156466,1348479.4,7103406,1338502.35,2053058,390925.99,9977.05
2025-10-10,Stock Futures,305412,21448.03,280674,19660.12,5591941,395405.07,1787.91
2025-10-10,Stock Options,362768,25624.02,358058,25331.59,373100,26240.9,292.43
2025-10-09,Index Futures,14867,2832.85,12001,2288.29,218528,41502.44,544.56
2025-10-09,Index Options,5610308,1055798.05,5610499,1056056.13,1675626,317819.88,-258.08
2025-10-09,Stock Futures,268540,18813.41,246966,17360.91,5582927,392938.4,1452.5
2025-10-09,Stock Options,328997,23756.86,320627,23185.99,355292,24924.72,570.87
2025-10-08,Index Futures,12348,2362.87,11494,2188.37,221962,41893.46,174.5
2025-10-08,Index Options,6018492,1135292.75,6013381,1134205.03,1593912,300842.31,1087.72
2025-10-08,Stock Futures,227260,15747.69,263714,18187.31,5596345,390815.22,-2439.62
2025-10-08,Stock Options,323471,23280.44,322820,23201.7,343012,23830.46,78.74
2025-10-07,Index Futures,19681,3779.03,11633,2230.0,222134,42137.26,1549.03
2025-10-07,Index Options,21081356,3979170.61,20999920,3963001.32,1271011,240881.92,16169.29
2025-10-07,Stock Futures,250747,17587.17,271505,19154.51,5606573,394110.15,-1567.34
2025-10-07,Stock Options,307813,22767.03,310937,22949.45,310151,21652.75,-182.42
2025-10-06,Index Futures,13043,2499.59,21125,4003.05,230190,43582.39,-1503.46
2025-10-06,Index Options,9510734,1775898.01,9488918,1772076.58,2126105,401208.53,3821.43
2025-10-06,Stock Futures,284535,20460.71,293347,20827.45,5611943,394518.72,-366.74
2025-10-06,Stock Options,317387,23303.66,314122,23029.9,277595,19305.93,273.76
2025-10-03,Index Futures,9292,1761.85,21878,4115.0,218976,41151.34,-2353.15
2025-10-03,Index Options,6775140,1258745.99,6755506,1255081.94,2014832,377421.46,3664.05
2025-10-03,Stock Futures,276221,19598.91,304885,21913.71,5607973,391392.99,-2314.8
2025-10-03,Stock Options,302398,22426.36,305158,22641.62,237034,16313.34,-215.26
2025-10-01,Index Futures,18349,3470.83,19169,3598.97,204734,38383.94,-128.14
2025-10-01,Index Options,5980849,1109499.33,5922621,1098761.32,1599760,299205.7,10738.01
2025-10-01,Stock Futures,279883,19605.23,286408,19912.73,5623271,391165.1,-307.5
2025-10-01,Stock Options,312573,22494.58,312057,22340.09,184044,12465.64,154.49
2025-09-30,Index Futures,40296,7496.06,54821,10212.66,200026,37197.67,-2716.6
2025-09-30,Index Options,25831137,4800416.4,25744858,4784504.63,1159621,214954.18,15911.77
2025-09-30,Stock Futures,533266,36946.55,525109,36292.07,5593392,386281.05,654.48
2025-09-30,Stock Options,207072,14870.16,213672,15257.74,125572,8262.31,-387.58
2025-09-29,Index Futures,58599,10894.99,61221,11423.12,249582,46393.9,-528.13
2025-09-29,Index Options,13728862,2548895.94,13711390,2545725.57,2689336,498742.92,3170.37
2025-09-29,Stock Futures,1656119,113466.7,1598556,109584.39,5754446,396573.0,3882.31
2025-09-29,Stock Options,367412,26190.31,411315,29245.16,382189,25781.77,-3054.85
2025-09-26,Index Futures,58024,10747.08,77100,14336.46,234092,43453.63,-3589.38
2025-09-26,Index Options,9257975,1729955.23,9222963,1723182.01,2480461,460098.38,6773.22
2025-09-26,Stock Futures,1947716,134426.87,1969312,135567.92,5756635,395173.05,-1141.05
2025-09-26,Stock Options,616112,43253.56,610963,42830.39,432678,29237.96,423.17
2025-09-25,Index Futures,37162,6998.47,39749,7508.0,215034,40345.68,-509.53
2025-09-25,Index Options,5429754,1026139.71,5402234,1020583.4,2060056,385852.89,5556.31
2025-09-25,Stock Futures,2180877,151574.96,2191281,151798.01,5688757,396057.95,-223.05
2025-09-25,Stock Options,623742,44608.21,603484,43344.75,442579,30483.35,1263.46
2025-09-24,Index Futures,21414,4048.53,24535,4646.37,204659,38547.17,-597.84
2025-09-24,Index Options,4753009,897622.39,4771561,901232.06,1743170,328686.08,-3609.67
2025-09-24,Stock Futures,392469,27871.02,402965,28344.45,5709001,400062.4,-473.43
2025-09-24,Stock Options,588242,42961.21,582689,42552.36,438889,30643.46,408.85
2025-09-23,Index Futures,15135,2891.48,13059,2484.74,196298,37216.01,406.74
2025-09-23,Index Options,20306243,3847657.71,20261934,3839552.65,1403787,266251.69,8105.06
2025-09-23,Stock Futures,314454,22314.99,302862,21528.22,5679377,401348.8,786.77
2025-09-23,Stock Options,605321,43953.65,598050,43455.53,439242,30994.06,498.12
2025-09-22,Index Futures,14354,2730.04,11835,2255.49,196366,37229.31,474.55
2025-09-22,Index Options,8240669,1563233.21,8291020,1572774.34,2248713,425940.97,-9541.13
2025-09-22,Stock Futures,307231,21879.4,320266,22507.41,5651629,399819.05,-628.01
2025-09-22,Stock Options,526535,38278.89,523160,38033.7,449123,31742.71,245.19
2025-09-18,Index Futures,21744,4180.42,14743,2833.19,199285,38116.36,1347.23
2025-09-18,Index Options,4971289,943177.08,4914566,932377.49,1807068,345393.36,10799.59
2025-09-18,Stock Futures,249870,17920.3,249377,17697.72,5559301,396718.35,222.58
2025-09-18,Stock Options,427982,31710.19,422220,31215.04,446520,31772.25,495.15
2025-09-17,Index Futures,15709,3007.11,6808,1299.02,204788,39032.2,1708.09
2025-09-17,Index Options,3672460,696428.08,3691539,699961.31,1614340,307443.93,-3533.23
2025-09-17,Stock Futures,237426,16580.51,240590,16982.3,5532472,393560.33,-401.79
2025-09-17,Stock Options,508575,36515.7,507626,36546.38,428996,30364.04,-30.68
2025-09-16,Index Futures,22808,4331.81,11213,2126.12,212421,40349.34,2205.69
2025-09-16,Index Options,12000919,2262881.55,11770405,2220362.01,1326940,251754.83,42519.54
2025-09-16,Stock Futures,223499,15675.43,213513,14877.63,5516264,391797.01,797.8
2025-09-16,Stock Options,367007,26237.48,368204,26352.95,402639,28303.56,-115.47
2025-09-15,Index Futures,6330,1195.91,5137,973.48,224314,42362.46,222.43
2025-09-15,Index Options,4277093,805710.53,4301611,810140.86,2183971,411293.01,-4430.33
2025-09-15,Stock Futures,178090,12192.6,203004,13854.52,5479236,387182.5,-1661.92
2025-09-15,Stock Options,319777,22792.63,321323,22967.94,394330,27546.95,-175.31
2025-09-12,Index Futures,14804,2801.13,4353,823.32,225671,42645.8,1977.81
2025-09-12,Index Options,4375303,822723.99,4328395,814150.36,1995535,376384.31,8573.63
2025-09-12,Stock Futures,228648,16156.78,218893,15097.47,5483342,386917.54,1059.31
2025-09-12,Stock Options,346284,25130.57,347912,25248.7,384336,26836.72,-118.13
2025-09-11,Index Futures,8596,1628.58,5256,992.98,233038,43878.65,635.6
2025-09-11,Index Options,3038173,568571.14,2996864,561276.28,1707347,320785.78,7294.86
2025-09-11,Stock Futures,203766,13869.95,242818,16644.84,5474125,384952.27,-2774.89
2025-09-11,Stock Options,329920,23484.73,335947,23914.77,368938,25610.57,-430.04
2025-09-10,Index Futures,16562,3126.28,12852,2427.93,233988,44013.26,698.35
2025-09-10,Index Options,3672778,689285.36,3743457,702726.73,1550711,291037.55,-13441.37
2025-09-10,Stock Futures,266030,18227.43,257360,17972.61,5461687,384234.75,254.82
2025-09-10,Stock Options,335855,23861.13,330316,23526.96,362367,25147.71,334.17
2025-09-09,Index Futures,8300,1554.13,6790,1273.89,229886,42990.05,280.24
2025-09-09,Index Options,12025798,2241315.22,12051836,2246813.85,1235358,230897.91,-5498.63
2025-09-09,Stock Futures,190195,12875.8,190454,13127.22,5462235,381610.93,-251.42
2025-09-09,Stock Options,240564,17024.7,239085,16868.7,346130,23992.12,156.0
2025-09-08,Index Futures,11621,2175.41,11566,2166.21,227746,42503.16,9.2
2025-09-08,Index Options,7644306,1423839.69,7593279,1414415.7,2226341,414294.11,9423.99
2025-09-08,Stock Futures,233810,16119.28,215932,14857.18,5463032,380634.55,1262.1
2025-09-08,Stock Options,272523,19580.43,267596,19141.46,337621,23250.24,438.97
2025-09-05,Index Futures,10513,1964.1,13351,2484.3,224845,41866.78,-520.2
2025-09-05,Index Options,8313899,1542671.26,8282174,1536775.78,1974046,366901.08,5895.48
2025-09-05,Stock Futures,232367,15772.44,234723,15869.09,5451620,378308.88,-96.65
2025-09-05,Stock Options,277029,19344.33,286702,19969.35,323462,22067.27,-625.02
2025-09-04,Index Futures,12014,2250.62,17795,3323.63,224713,41798.53,-1073.01
2025-09-04,Index Options,5647100,1051695.58,5592542,1041388.02,1741596,323658.21,10307.56
2025-09-04,Stock Futures,275196,19392.74,307335,21399.52,5450104,377359.6,-2006.78
2025-09-04,Stock Options,250545,18416.21,255352,18699.6,299043,20383.93,-283.39
2025-09-03,Index Futures,10303,1927.09,12674,2362.88,218008,40560.29,-435.79
2025-09-03,Index Options,4186839,774036.1,4290211,793359.58,1540430,286149.63,-19323.48
2025-09-03,Stock Futures,224239,15652.57,252876,17737.05,5446319,377926.5,-2084.48
2025-09-03,Stock Options,233373,17331.7,237166,17599.44,278154,19105.21,-267.74
2025-09-02,Index Futures,9529,1777.09,17407,3250.42,214865,39768.53,-1473.33
2025-09-02,Index Options,16868686,3120394.09,16655060,3080320.15,1147256,212039.17,40073.94
2025-09-02,Stock Futures,231228,15763.74,235676,16451.82,5464210,377001.05,-688.08
2025-09-02,Stock Options,248758,17579.88,244259,17339.52,253275,17234.81,240.36
2025-09-01,Index Futures,10772,2007.31,8124,1514.61,211839,39318.52,492.7
2025-09-01,Index Options,6383564,1177236.9,6438823,1187700.89,1805751,334181.53,-10463.99
2025-09-01,Stock Futures,258525,17741.51,211183,14523.03,5485426,378549.45,3218.48
2025-09-01,Stock Options,183595,12984.66,189039,13362.16,218576,14786.86,-377.5
2025-08-29,Index Futures,15914,2957.02,22595,4196.04,211569,38927.98,-1239.02
2025-08-29,Index Options,6226175,1148220.25,6266281,1155779.8,1679704,308444.58,-7559.55
2025-08-29,Stock Futures,277784,18840.48,252730,17227.96,5505448,374670.97,1612.52
2025-08-29,Stock Options,229154,16194.09,225672,15955.04,188102,12526.76,239.05
2025-08-28,Index Futures,70598,13106.34,85904,15974.45,201756,37265.83,-2868.11
2025-08-28,Index Options,23811278,4409775.24,23833958,4413512.54,1118158,206131.68,-3737.3
2025-08-28,Stock Futures,536540,37337.04,553797,38649.23,5480440,374044.82,-1312.19
2025-08-28,Stock Options,192195,13735.24,238434,16960.57,131248,8712.62,-3225.33
2025-08-26,Index Futures,80187,14925.95,86878,16228.84,247911,46109.5,-1302.89
2025-08-26,Index Options,7039246,1316332.42,7014947,1311221.43,1883389,349945.88,5110.99
2025-08-26,Stock Futures,1562663,107141.83,1565567,107107.26,5645629,388948.82,34.57
2025-08-26,Stock Options,317317,22329.71,317584,22377.67,380671,25674.54,-47.96
2025-08-25,Index Futures,67653,12668.51,66382,12463.09,232720,43779.64,205.42
2025-08-25,Index Options,4214366,792479.8,4235221,796771.95,1685377,316571.12,-4292.15
2025-08-25,Stock Futures,2288550,158041.43,2273114,157143.6,5704931,397649.6,897.83
2025-08-25,Stock Options,426085,30205.01,419669,29666.96,410910,28169.11,538.05
2025-08-22,Index Futures,21350,4005.69,24809,4663.41,218217,40915.32,-657.72
2025-08-22,Index Options,3366190,635309.78,3378582,637250.19,1582511,296269.05,-1940.41
2025-08-22,Stock Futures,1892773,131041.12,1921080,132811.0,5680093,393518.73,-1769.88
2025-08-22,Stock Options,414293,29894.49,412002,29699.67,433872,29667.49,194.82
2025-08-21,Index Futures,21853,4141.88,16711,3171.73,212500,40174.69,970.15
2025-08-21,Index Options,10685870,2012970.02,10673981,2010886.39,1196309,226046.66,2083.63
2025-08-21,Stock Futures,306992,21345.67,323058,22330.05,5671202,394763.26,-984.38
2025-08-21,Stock Options,402267,28525.57,398562,28205.92,434091,29897.65,319.65
2025-08-20,Index Futures,11046,2085.2,12707,2408.51,215958,40788.88,-323.31
2025-08-20,Index Options,5176056,972726.44,5252486,987291.72,1720076,324158.08,-14565.28
2025-08-20,Stock Futures,308878,20779.36,318885,21846.93,5663676,394671.29,-1067.57
2025-08-20,Stock Options,475483,33063.27,471808,32878.29,422448,29118.98,184.98
2025-08-19,Index Futures,7825,1488.41,8032,1523.52,212895,40150.7,-35.11
2025-08-19,Index Options,3818968,716491.03,3794917,712086.8,1525939,287019.97,4404.23
2025-08-19,Stock Futures,291567,20147.56,256673,17753.2,5640555,391642.58,2394.36
2025-08-19,Stock Options,402173,28581.84,404533,28692.01,401093,27574.42,-110.17
2025-08-18,Index Futures,25556,4847.28,14001,2655.89,212730,40012.09,2191.39
2025-08-18,Index Options,3940829,740634.07,3938887,740316.65,1475082,276402.8,317.42
2025-08-18,Stock Futures,383466,26628.34,331079,22551.29,5630523,388380.67,4077.05
2025-08-18,Stock Options,392821,28377.29,393798,28422.31,384969,26246.89,-45.02
2025-08-14,Index Futures,7689,1444.0,7811,1461.85,219305,40787.13,-17.85
2025-08-14,Index Options,10594087,1959581.1,10603554,1960793.26,1126449,209398.37,-1212.16
2025-08-14,Stock Futures,232094,16006.15,254115,17386.11,5601824,380416.27,-1379.96
2025-08-14,Stock Options,305791,21759.51,295179,21146.46,369232,24935.17,613.05
2025-08-13,Index Futures,11136,2074.76,8635,1613.94,221067,41161.63,460.82
2025-08-13,Index Options,5964276,1102473.05,5990383,1107717.98,1784409,330659.18,-5244.93
2025-08-13,Stock Futures,313809,22714.62,281794,20122.9,5572105,379139.8,2591.72
2025-08-13,Stock Options,286365,20666.94,275586,19989.35,341878,23220.02,677.59
2025-08-12,Index Futures,10389,1946.36,15920,2971.44,220298,40767.41,-1025.08
2025-08-12,Index Options,6256195,1156114.6,6254049,1155294.24,1573028,290117.14,820.36
2025-08-12,Stock Futures,225855,15336.96,219258,14884.47,5527474,372841.54,452.49
2025-08-12,Stock Options,304935,21406.77,306188,21534.4,315325,21317.03,-127.63
2025-08-11,Index Futures,13820,2581.09,10877,2031.44,216291,40160.65,549.65
2025-08-11,Index Options,4270557,785092.72,4300040,791247.72,1511485,280105.34,-6155.0
2025-08-11,Stock Futures,274230,18093.81,238103,15684.99,5495099,371668.17,2408.82
2025-08-11,Stock Options,296194,20354.09,291546,20041.53,294986,20035.09,312.56
2025-08-08,Index Futures,12306,2285.1,21717,4047.44,218914,40352.06,-1762.34
2025-08-08,Index Options,4684317,863054.41,4688214,863202.82,1489990,273657.62,-148.41
2025-08-08,Stock Futures,271752,18363.58,311421,21088.96,5461030,366535.78,-2725.38
2025-08-08,Stock Options,291359,20112.87,285587,19758.56,278880,18692.54,354.31
2025-08-07,Index Futures,16187,3018.35,22355,4149.27,209213,38948.44,-1130.92
2025-08-07,Index Options,16174221,2974385.77,16151376,2970511.6,1107536,205610.13,3874.17
2025-08-07,Stock Futures,315413,21561.1,302201,20320.65,5431137,369398.06,1240.45
2025-08-07,Stock Options,274911,19173.6,274969,19206.58,252288,17110.97,-32.98
2025-08-06,Index Futures,11681,2203.06,9998,1861.3,201711,37461.77,341.76
2025-08-06,Index Options,5892037,1089921.72,5839970,1080505.74,1648108,304903.2,9415.98
2025-08-06,Stock Futures,254689,17309.31,276755,18707.24,5390399,364942.95,-1397.93
2025-08-06,Stock Options,257380,18393.29,258569,18568.43,234176,15902.47,-175.14
2025-08-05,Index Futures,8046,1500.97,19870,3750.13,202954,37818.79,-2249.16
2025-08-05,Index Options,3716381,688990.0,3681191,682161.71,1425934,264668.1,6828.29
2025-08-05,Stock Futures,245564,16981.48,287442,20255.1,5374679,366243.96,-3273.62
2025-08-05,Stock Options,247823,18034.02,243229,17731.35,216427,14843.21,302.67
2025-08-04,Index Futures,12536,2340.26,11302,2135.91,191410,35776.92,204.35
2025-08-04,Index Options,4057474,752083.38,4058988,752762.37,1275353,237297.07,-678.99
2025-08-04,Stock Futures,290503,20003.87,245672,16950.86,5364493,367344.96,3053.01
2025-08-04,Stock Options,283314,20447.91,285650,20557.06,181917,12459.62,-109.15
2025-08-01,Index Futures,11143,2100.74,31667,5921.43,191026,35444.4,-3820.69
2025-08-01,Index Options,4717676,877466.61,4740495,881060.3,1267929,234520.1,-3593.69
2025-08-01,Stock Futures,267321,18534.19,299856,20370.22,5375520,363644.12,-1836.03
2025-08-01,Stock Options,248705,17980.01,249971,17937.86,140555,9523.65,42.15
2025-07-31,Index Futures,60775,11485.9,67403,12721.66,170336,31928.04,-1235.76
2025-07-31,Index Options,24780277,4652814.66,24739609,4644858.14,882366,164752.63,7956.52
2025-07-31,Stock Futures,566475,39446.27,587407,40976.34,5354485,367429.51,-1530.07
2025-07-31,Stock Options,205486,14818.18,216477,15591.1,88193,6007.82,-772.92
2025-07-30,Index Futures,44335,8372.18,46664,8817.58,240689,45269.23,-445.4
2025-07-30,Index Options,6359778,1192162.12,6437626,1206939.32,1949984,366221.25,-14777.2
2025-07-30,Stock Futures,1370199,94052.5,1372670,94249.76,5599109,385779.3,-197.26
2025-07-30,Stock Options,284216,20174.11,297962,21122.69,761569,51900.78,-948.58
2025-07-29,Index Futures,51456,9656.78,57412,10774.07,232746,43753.32,-1117.29
2025-07-29,Index Options,4779278,893066.36,4766412,891215.74,1912367,358582.69,1850.62
2025-07-29,Stock Futures,2002189,135578.23,1947399,132371.23,5553670,382916.52,3207.0
2025-07-29,Stock Options,388492,27372.67,382474,27005.34,795821,54301.16,367.33
2025-07-28,Index Futures,28539,5341.71,34747,6520.31,232700,43507.94,-1178.6
2025-07-28,Index Options,5549666,1038540.93,5590892,1046528.51,1902339,354967.46,-7987.58
2025-07-28,Stock Futures,2103383,142891.98,2069991,140768.32,5528278,378096.59,2123.66
2025-07-28,Stock Options,461735,33987.63,456220,33638.43,822431,55677.43,349.2
2025-07-25,Index Futures,23115,4404.49,36097,6857.77,221970,41698.41,-2453.28
2025-07-25,Index Options,4470535,840960.21,4484225,843401.51,1776031,333673.42,-2441.3
2025-07-25,Stock Futures,355882,24218.04,391434,26749.75,5523752,379709.66,-2531.71
2025-07-25,Stock Options,428687,31074.51,420660,30501.49,850966,58212.93,573.02
2025-07-24,Index Futures,20069,3823.02,20050,3821.37,206886,39260.42,1.65
2025-07-24,Index Options,12463422,2352625.23,12476554,2354481.58,1367448,259689.93,-1856.35
2025-07-24,Stock Futures,299232,20500.2,317214,21447.97,5500400,383729.74,-947.77
2025-07-24,Stock Options,445152,32299.03,444042,32173.0,853723,59256.91,126.03
2025-07-23,Index Futures,12667,2430.86,8770,1670.85,209899,40088.92,760.01
2025-07-23,Index Options,5031780,952687.24,5037909,954244.37,1766101,336561.44,-1557.13
2025-07-23,Stock Futures,308027,21152.56,287872,19891.88,5547218,389331.44,1260.68
2025-07-23,Stock Options,416697,30998.21,415511,30837.01,846881,59158.23,161.2
2025-07-22,Index Futures,8437,1615.78,12647,2413.42,209962,39840.63,-797.64
2025-07-22,Index Options,3469880,655768.48,3462403,654271.21,1706915,323127.83,1497.27
2025-07-22,Stock Futures,265741,18830.65,294200,20345.87,5544233,387223.64,-1515.22
2025-07-22,Stock Options,369334,27668.61,369623,27634.46,838065,58286.86,34.15
2025-07-21,Index Futures,15228,2926.87,12408,2356.53,208320,39618.08,570.34
2025-07-21,Index Options,3934237,743010.21,3983456,752490.32,1499534,284461.05,-9480.11
2025-07-21,Stock Futures,284157,20681.94,294089,20963.64,5540556,388350.47,-281.7
2025-07-21,Stock Options,409975,31921.9,413388,32157.59,817704,57069.46,-235.69
2025-07-18,Index Futures,15171,2889.86,27488,5285.28,211622,40048.79,-2395.42
2025-07-18,Index Options,3296898,621086.65,3315448,624616.48,1431997,269913.04,-3529.83
2025-07-18,Stock Futures,279447,20262.04,301518,21439.56,5594556,390485.0,-1177.52
2025-07-18,Stock Options,353671,26796.91,353677,26897.91,811651,56529.21,-101.0
2025-07-17,Index Futures,10039,1917.86,20274,3907.09,203917,38819.12,-1989.23
2025-07-17,Index Options,8759206,1658684.39,8685713,1644699.1,1151747,218726.29,13985.29
2025-07-17,Stock Futures,271852,19138.3,285853,20626.78,5574805,390827.67,-1488.48
2025-07-17,Stock Options,287752,21026.71,290937,21283.81,789177,55200.69,-257.1
2025-07-16,Index Futures,10091,1957.17,13783,2648.13,197434,37717.54,-690.96
2025-07-16,Index Options,4356105,826286.28,4354902,826165.28,1599818,304378.0,121.0
2025-07-16,Stock Futures,255893,17904.48,304568,21519.39,5567144,391259.1,-3614.91
2025-07-16,Stock Options,316379,23032.27,315672,22924.87,779538,54661.59,107.4
2025-07-15,Index Futures,12640,2427.25,13398,2580.51,194418,37180.33,-153.26
2025-07-15,Index Options,4078807,773217.37,4054800,768879.96,1506224,286376.41,4337.41
2025-07-15,Stock Futures,271960,18686.19,268838,18568.36,5559119,390716.69,117.83
2025-07-15,Stock Options,275448,19791.36,277210,19924.6,774275,54221.04,-133.24
2025-07-14,Index Futures,15061,2866.55,32363,6144.39,191032,36355.62,-3277.84
2025-07-14,Index Options,3553631,671908.15,3605255,681871.93,1499915,283843.37,-9963.78
2025-07-14,Stock Futures,263635,18524.39,263640,18786.76,5552461,387592.59,-262.37
2025-07-14,Stock Options,275000,20010.36,271950,19742.58,770735,53609.22,267.78
2025-07-11,Index Futures,12806,2446.48,31317,5984.24,174212,33146.09,-3537.76
2025-07-11,Index Options,3299549,626533.8,3317794,629776.15,1405598,266584.46,-3242.35
2025-07-11,Stock Futures,249391,17672.27,280103,19337.37,5531392,385658.22,-1665.1
2025-07-11,Stock Options,279790,20689.09,271685,19945.25,780573,54150.41,743.84
2025-07-10,Index Futures,12753,2456.21,22297,4290.15,168201,32231.71,-1833.94
2025-07-10,Index Options,12003410,2292246.76,11968014,2285481.14,1081354,206888.74,6765.62
2025-07-10,Stock Futures,233246,16408.45,292655,20259.41,5494888,386653.93,-3850.96
2025-07-10,Stock Options,299755,21767.85,259142,18726.78,777290,54531.3,3041.07
2025-07-09,Index Futures,9000,1745.59,14192,2737.02,169769,32697.64,-991.43
2025-07-09,Index Options,5798277,1111788.61,5817324,1115075.12,1450771,278431.96,-3286.51
2025-07-09,Stock Futures,240056,16857.62,251800,17415.9,5530855,390963.3,-558.28
2025-07-09,Stock Options,304309,21961.05,280112,20463.24,845179,59598.2,1497.81
2025-07-08,Index Futures,10264,1982.24,11674,2251.15,165855,32007.72,-268.91
2025-07-08,Index Options,3740816,715600.84,3755262,718308.41,1372520,264225.68,-2707.57
2025-07-08,Stock Futures,224565,15914.28,251112,17570.43,5515683,390580.33,-1656.15
2025-07-08,Stock Options,223294,16789.37,229230,17329.54,854162,60617.15,-540.17
2025-07-07,Index Futures,11073,2131.82,14489,2799.86,158879,30586.31,-668.04
2025-07-07,Index Options,3939139,753074.66,3959096,756859.13,1328180,255097.89,-3784.47
2025-07-07,Stock Futures,186239,13232.63,191325,13425.87,5498628,388983.75,-193.24
2025-07-07,Stock Options,185078,14034.56,185181,14027.29,854568,60849.08,7.27
2025-07-04,Index Futures,10667,2056.4,14547,2803.85,153659,29592.24,-747.45
2025-07-04,Index Options,4122327,785237.82,4130384,786618.99,1280181,246029.24,-1381.17
2025-07-04,Stock Futures,194214,13835.49,199991,14257.16,5493236,389567.02,-421.67
2025-07-04,Stock Options,187419,14148.53,188906,14303.46,844723,60208.6,-154.93
2025-07-03,Index Futures,15255,2945.88,27841,5389.47,149253,28715.54,-2443.59
2025-07-03,Index Options,20417777,3907212.65,20075127,3841721.45,1070049,205389.12,65491.2
2025-07-03,Stock Futures,221985,15860.96,224673,16038.62,5476361,388286.53,-177.66
2025-07-03,Stock Options,576435,43203.19,582695,43587.36,828892,59084.26,-384.17
2025-07-02,Index Futures,9762,1884.72,20277,3942.21,148237,28551.53,-2057.49
2025-07-02,Index Options,9657625,1849009.41,9740302,1865637.74,1694703,325052.6,-16628.33
2025-07-02,Stock Futures,254604,17950.24,242586,17236.18,5485335,389728.81,714.06
2025-07-02,Stock Options,640676,47206.79,638246,46940.96,754994,53647.27,265.83
2025-07-01,Index Futures,11985,2329.1,12568,2444.77,145096,28073.92,-115.67
2025-07-01,Index Options,4565998,872412.88,4414999,844765.49,1621660,312174.04,27647.39
2025-07-01,Stock Futures,221427,16158.46,242897,17493.4,5482621,390634.76,-1334.94
2025-07-01,Stock Options,619079,47402.45,640990,48914.15,693296,49436.91,-1511.7
2025-06-30,Index Futures,15873,3070.28,20478,3973.13,140191,27071.01,-902.85
2025-06-30,Index Options,5451631,1048007.24,5521557,1058911.63,1518276,291753.39,-10904.39
2025-06-30,Stock Futures,205180,14669.14,253083,18160.49,5460969,389108.86,-3491.35
2025-06-30,Stock Options,569469,42185.99,568839,41991.72,602605,42607.18,194.27
2025-06-27,Index Futures,13885,2715.78,12436,2424.98,144922,28071.7,290.8
2025-06-27,Index Options,4398342,841409.04,4465230,853460.63,1414912,273130.33,-12051.59
2025-06-27,Stock Futures,429529,30132.09,398191,29213.01,5459430,389466.38,919.08
2025-06-27,Stock Options,770522,57699.85,842923,63128.52,522181,36992.11,-5428.67
2025-06-26,Index Futures,68268,13044.43,44109,8237.76,144773,27897.26,4806.67
2025-06-26,Index Options,32359860,5922656.53,32182354,5890383.02,1214770,233574.43,32273.51
2025-06-26,Stock Futures,770302,55010.4,740146,51843.49,5461546,388233.16,3166.91
2025-06-26,Stock Options,821118,60062.21,753930,55570.61,320040,22467.64,4491.6
2025-06-25,Index Futures,37186,6913.66,34585,6385.4,199772,37569.75,528.26
2025-06-25,Index Options,9898263,1816975.25,9770503,1795882.33,2713455,504302.45,21092.92
2025-06-25,Stock Futures,1557341,107917.42,1516748,103794.24,5837623,408919.73,4123.18
2025-06-25,Stock Options,1283329,89660.13,1301329,91294.64,1828481,120892.49,-1634.51
2025-06-24,Index Futures,69196,12646.69,75960,14104.46,201753,37553.78,-1457.77
2025-06-24,Index Options,11183820,2071072.05,11368106,2102876.98,2474123,454735.9,-31804.93
2025-06-24,Stock Futures,2184599,146172.44,2165651,144165.29,5906114,406396.43,2007.15
2025-06-24,Stock Options,1743022,118299.13,1702554,115664.19,1830225,120047.0,2634.94
2025-06-23,Index Futures,34459,6223.73,40798,7398.09,188035,34352.52,-1174.36
2025-06-23,Index Options,6521688,1192191.59,6448977,1178545.56,2243689,409796.44,13646.03
2025-06-23,Stock Futures,2233897,146676.65,2218769,146988.54,5896592,394298.12,-311.89
2025-06-23,Stock Options,1618396,111337.48,1539808,106317.69,1802711,117449.73,5019.79
2025-06-20,Index Futures,35053,6422.39,34459,6304.64,183836,33518.81,117.75
2025-06-20,Index Options,6557072,1193815.89,6665195,1216181.51,2190838,401401.2,-22365.62
2025-06-20,Stock Futures,633650,40563.05,555767,36159.89,6020308,392894.46,4403.16
2025-06-20,Stock Options,1683213,114729.45,1595998,109090.84,1782849,115894.68,5638.61
2025-06-19,Index Futures,18351,3302.42,16180,2876.57,175308,31386.98,425.85
2025-06-19,Index Options,18019038,3344454.1,17849161,3314278.26,1640383,294679.01,30175.84
2025-06-19,Stock Futures,285448,18574.28,291058,18159.71,5983743,384288.93,414.57
2025-06-19,Stock Options,1200325,81053.77,1180043,79443.91,1773366,113177.03,1609.86
2025-06-18,Index Futures,17825,3201.44,17475,3157.86,167869,30135.99,43.58
2025-06-18,Index Options,7708986,1427526.15,7784668,1441395.18,2111073,383673.28,-13869.03
2025-06-18,Stock Futures,249904,16419.39,277333,18199.8,5984591,387531.43,-1780.41
2025-06-18,Stock Options,1172769,78477.2,1183887,79039.5,1724298,111117.71,-562.3
2025-06-17,Index Futures,19644,3549.73,17384,3155.86,170949,30716.39,393.87
2025-06-17,Index Options,5037347,932409.19,4996967,924297.13,2005613,364719.81,8112.06
2025-06-17,Stock Futures,229226,15099.02,255335,16439.63,5942474,385235.53,-1340.61
2025-06-17,Stock Options,1061048,72847.98,1114318,76097.84,1668124,108034.19,-3249.86
2025-06-16,Index Futures,20827,3766.57,18361,3346.19,170771,30830.61,420.38
2025-06-16,Index Options,5415087,999765.17,5444883,1006328.8,2000350,365422.86,-6563.63
2025-06-16,Stock Futures,283169,18974.17,242017,15442.41,5921183,386742.69,3531.76
2025-06-16,Stock Options,1155706,77064.44,1179399,78386.33,1584478,103250.15,-1321.89
2025-06-13,Index Futures,20830,3733.55,25561,4509.68,168439,30031.32,-776.13
2025-06-13,Index Options,4763657,874267.82,4769213,875696.8,1890319,341948.16,-1428.98
2025-06-13,Stock Futures,294195,19809.56,342746,22508.84,5878067,379548.97,-2699.28
2025-06-13,Stock Options,1168015,81113.71,1182830,81799.54,1522389,98677.6,-685.83
2025-06-12,Index Futures,20068,3672.62,32997,6010.51,163380,29423.81,-2337.89
2025-06-12,Index Options,19931996,3738169.88,19980869,3746632.25,1669293,303799.21,-8462.37
2025-06-12,Stock Futures,268516,17682.67,364759,23656.93,5864276,381287.5,-5974.26
2025-06-12,Stock Options,1126521,77639.99,1200882,82315.58,1466896,95720.69,-4675.59
2025-06-11,Index Futures,17968,3315.96,11493,2070.33,155495,28286.19,1245.63
2025-06-11,Index Options,7150975,1340332.95,6848257,1283386.21,2330650,431489.03,56946.74
2025-06-11,Stock Futures,264808,17277.03,281131,18489.95,5819607,383740.97,-1212.92
2025-06-11,Stock Options,1105410,76821.79,1157342,80474.31,1362145,90634.25,-3652.52
2025-06-10,Index Futures,13314,2451.88,10476,1891.78,154908,28166.9,560.1
2025-06-10,Index Options,4508900,838901.42,4487248,834580.07,2169546,400940.69,4321.35
2025-06-10,Stock Futures,265753,17379.52,310595,20770.7,5831268,384890.42,-3391.18
2025-06-10,Stock Options,924778,63988.04,992011,68662.01,1259973,84093.46,-4673.97
2025-06-09,Index Futures,16087,2935.11,19224,3472.77,158016,28765.91,-537.66
2025-06-09,Index Options,3050250,568816.5,3090466,575935.61,2016488,372508.52,-7119.11
2025-06-09,Stock Futures,282805,18720.1,282816,18701.57,5859244,387395.71,18.53
2025-06-09,Stock Options,884754,64571.78,926501,67842.93,1164688,77738.55,-3271.15
2025-06-06,Index Futures,42683,7499.3,28425,5043.19,159186,28805.76,2456.11
2025-06-06,Index Options,5444659,1008749.13,5443245,1009531.14,1870330,343659.4,-782.01
2025-06-06,Stock Futures,379323,25505.14,324226,21679.15,5844773,383303.58,3825.99
2025-06-06,Stock Options,959089,69525.67,988451,71345.23,1065345,70134.0,-1819.56
2025-06-05,Index Futures,17911,3230.09,21964,4017.49,159596,28493.35,-787.4
2025-06-05,Index Options,18552070,3447900.07,18478165,3433446.46,1567993,285408.81,14453.61
2025-06-05,Stock Futures,273430,17840.97,279769,18234.02,5838888,378417.66,-393.05
2025-06-05,Stock Options,673797,46601.72,715569,49479.92,961225,62075.79,-2878.2
2026-06-05,Index Futures,19900,3150.31,23038,3621.0,319622,49719.71,-470.69
2026-06-05,Index Options,8715018,1334789.59,8703727,1332593.52,2883538,444073.97,2196.07
2026-06-05,Stock Futures,270686,17799.54,258526,17179.41,7316102,451762.99,620.13
2026-06-05,Stock Options,378734,24854.77,385931,25390.8,793529,49767.53,-536.03
